"Time (s)","Latitude (째)","Longitude (째)","Height (m)","Velocity (m/s)","Direction (째)","Horizontal Accuracy (m)","Vertical Accuracy (째)"
1.602399349E-2,6.499469011E1,2.546254047E1,4.601772308E0,NaN,NaN,3.500000000E1,1.845469475E1
1.602399349E-2,6.499469035E1,2.546254003E1,4.350850105E0,NaN,NaN,3.500000000E1,1.571869373E1
6.035413742E-1,6.499498174E1,2.546258636E1,-8.139465332E0,8.999999762E-1,9.386718750E1,1.225613442E1,2.400000000E1
1.865537286E0,6.499502570E1,2.546263212E1,-2.044906616E1,8.999999762E-1,1.163671875E2,6.571288377E0,1.600000000E1
2.865531564E0,6.499503836E1,2.546265467E1,-1.808984375E1,8.500000238E-1,1.641796875E2,5.327717926E0,1.200000000E1
3.865525723E0,6.499504054E1,2.546267906E1,-1.835806274E1,8.500000238E-1,1.427343750E2,5.238183939E0,1.200000000E1
4.865520716E0,6.499503349E1,2.546270806E1,-1.690087891E1,1.769999981E0,1.508203125E2,5.486245607E0,1.200000000E1
5.865514755E0,6.499502947E1,2.546273748E1,-1.707858276E1,1.769999981E0,1.293750000E2,5.803868703E0,1.200000000E1
6.865696907E0,6.499503232E1,2.546276707E1,-1.768478394E1,1.210000038E0,1.195312500E2,5.430135384E0,1.200000000E1
7.865704536E0,6.499503488E1,2.546280236E1,-1.740554810E1,1.210000038E0,9.632812500E1,5.193595881E0,1.200000000E1
8.865705609E0,6.499503467E1,2.546284150E1,-1.956497192E1,1.279999971E0,1.121484375E2,5.663510176E0,1.200000000E1
9.865708113E0,6.499502976E1,2.546288149E1,-1.625173950E1,1.279999971E0,1.082812500E2,4.948587574E0,1.200000000E1
1.086571658E1,6.499502633E1,2.546292390E1,-1.527291870E1,1.279999971E0,1.023046875E2,5.682457545E0,1.200000000E1
1.186571598E1,6.499502285E1,2.546296363E1,-1.481796265E1,1.019999981E0,9.984375000E1,5.420484440E0,1.200000000E1
1.286571944E1,6.499502130E1,2.546300260E1,-1.226293945E1,1.370000005E0,9.351562500E1,4.883040739E0,1.200000000E1
1.386572230E1,6.499502055E1,2.546303158E1,-1.198277071E1,1.370000005E0,9.351565126E1,4.883040739E0,1.200000000E1
1.486572301E1,6.499501788E1,2.546307096E1,-1.040071466E1,1.370000005E0,9.738283860E1,4.394390012E0,8.000000000E0
1.586573672E1,6.499501975E1,2.546309964E1,-6.697202512E0,1.149999976E0,9.140627208E1,4.267834709E0,8.001375093E0
1.686574030E1,6.499501828E1,2.546313250E1,-4.593980620E0,1.149999976E0,1.026562716E2,4.187219875E0,6.008310604E0
1.786574078E1,6.499501955E1,2.546315464E1,-3.217981211E0,8.700000048E-1,1.023047038E2,4.123094598E0,6.019490634E0
1.886574745E1,6.499501506E1,2.546317088E1,-2.106468070E0,8.700000048E-1,1.177734523E2,4.123094449E0,6.019490653E0
1.986575186E1,6.499501217E1,2.546318902E1,-1.292919030E0,8.700000048E-1,1.191797021E2,4.351477228E0,6.004809569E0
2.086575198E1,6.499501598E1,2.546317292E1,-1.292920996E0,0.000000000E0,1.191796875E2,4.486344699E0,4.084157463E0
2.186575377E1,6.499501227E1,2.546325014E1,-9.128072858E-1,1.190000057E0,9.597658523E1,4.486344639E0,4.084157519E0
2.286575389E1,6.499501477E1,2.546328725E1,-9.463517796E-1,1.419999957E0,9.070315227E1,4.660055443E0,3.479715549E0
2.386575496E1,6.499501646E1,2.546331423E1,-6.159589868E-1,1.190000057E0,8.964846036E1,4.660055447E0,3.479715543E0
2.486575449E1,6.499501707E1,2.546335448E1,-8.041074397E-1,1.419999957E0,9.035158977E1,4.660055445E0,3.479715547E0
2.586575401E1,6.499501709E1,2.546338223E1,-6.702345107E-1,1.139999986E0,9.175783439E1,4.660055440E0,3.479715552E0
2.686575449E1,6.499501797E1,2.546341292E1,-8.468588088E-1,1.139999986E0,9.035158440E1,4.660055440E0,3.479715553E0
2.786575246E1,6.499501916E1,2.546344543E1,-9.538934920E-1,1.139999986E0,8.859377189E1,4.660055440E0,3.479715553E0
2.886575186E1,6.499502044E1,2.546347862E1,-1.302198239E0,1.149999976E0,8.613283454E1,4.660055441E0,3.479715552E0
2.986575067E1,6.499502250E1,2.546351641E1,-1.493522448E0,1.289999962E0,8.507814969E1,4.660055445E0,3.479715546E0
3.086574888E1,6.499502397E1,2.546354711E1,-1.819379633E0,1.149999976E0,8.402345947E1,4.660055448E0,3.479715542E0
3.186574709E1,6.499502749E1,2.546358605E1,-2.008870844E0,1.460000038E0,8.121096521E1,4.660055459E0,3.479715527E0
3.286574566E1,6.499503185E1,2.546362028E1,-1.903259049E0,1.440000057E0,7.804690206E1,4.660055476E0,3.479715505E0
3.386574268E1,6.499504764E1,2.546367863E1,-1.394683203E0,1.328073225E0,7.186860417E1,4.733376928E0,3.379301686E0
3.486574113E1,6.499505409E1,2.546370590E1,-1.995713997E0,1.193775613E0,6.302022540E1,4.731832500E0,3.381463917E0
3.586573839E1,6.499506021E1,2.546373661E1,-2.438397229E0,1.352141684E0,6.334821659E1,4.733663316E0,3.378900509E0
3.686573529E1,6.499506643E1,2.546377599E1,-2.415885937E0,1.402941169E0,5.740735356E1,4.735603256E0,3.376181103E0
3.786573303E1,6.499507915E1,2.546380630E1,-2.455097281E0,1.554058467E0,4.994339552E1,4.736217044E0,3.375320006E0
3.886572933E1,6.499509105E1,2.546383558E1,-1.793994699E0,1.586236643E0,4.771132616E1,4.735772431E0,3.375943796E0
3.986572611E1,6.499510237E1,2.546385360E1,-1.674803803E0,1.462724559E0,4.142631544E1,4.735863900E0,3.375815480E0
4.086572289E1,6.499511312E1,2.546386462E1,-1.484323010E0,1.236679692E0,2.773930148E1,4.734816959E0,3.377283731E0
4.186571956E1,6.499512226E1,2.546388496E1,-1.841272631E0,1.130660061E0,3.284958191E1,4.734562899E0,3.377639884E0
4.286571705E1,6.499513595E1,2.546390576E1,-1.784901064E0,1.320511868E0,3.714953495E1,4.734525384E0,3.377692470E0
4.386571348E1,6.499514809E1,2.546393426E1,-2.109234979E0,1.537990374E0,4.494022652E1,4.735770112E0,3.375947049E0
4.486570895E1,6.499515516E1,2.546394682E1,-1.720306229E0,1.426140452E0,3.833452348E1,4.719493883E0,3.398663637E0
4.586570501E1,6.499516324E1,2.546396752E1,-1.633962165E0,1.121097223E0,3.955323417E1,4.717096363E0,3.401990437E0
4.686570132E1,6.499517687E1,2.546399649E1,-1.784263871E0,1.505994110E0,3.860647300E1,4.720012800E0,3.397942936E0
4.786569762E1,6.499518678E1,2.546401533E1,-1.244837388E0,1.133223532E0,3.580184417E1,4.718647879E0,3.399838118E0
4.886569369E1,6.499520098E1,2.546403397E1,-9.822396133E-1,1.413003196E0,3.174239029E1,4.721119577E0,3.396405008E0
4.986569023E1,6.499521048E1,2.546405478E1,-8.609888656E-1,1.140640275E0,3.600836317E1,4.713329805E0,3.407206948E0
5.086568558E1,6.499521944E1,2.546407605E1,-1.253543634E0,1.203213814E0,3.773760098E1,4.714833319E0,3.405126108E0
5.186568213E1,6.499523400E1,2.546410052E1,-8.715190385E-1,1.542757214E0,3.669809217E1,4.718415930E0,3.400160018E0
5.286567748E1,6.499524411E1,2.546410528E1,-2.599681439E-1,1.141965712E0,2.740252323E1,4.712201721E0,3.408766928E0
5.386567223E1,6.499525452E1,2.546412707E1,7.536000758E-2,1.273217309E0,3.171334603E1,4.716989524E0,3.402138572E0
5.486566865E1,6.499526633E1,2.546414394E1,4.299150407E-2,1.314024810E0,2.938533547E1,4.721503192E0,3.395871705E0
5.586566377E1,6.499527777E1,2.546416488E1,-5.030878447E-1,1.369071460E0,3.109838056E1,4.721952170E0,3.395247375E0
5.686565983E1,6.499528844E1,2.546418839E1,-3.392088553E-1,1.371131603E0,3.441289883E1,4.723653767E0,3.392879620E0
5.786565518E1,6.499530255E1,2.546420788E1,-1.962686768E-1,1.476236985E0,3.245204196E1,4.725085212E0,3.390885839E0
5.886565053E1,6.499531299E1,2.546421261E1,-4.047706947E-1,1.319548556E0,2.430682024E1,4.723442993E0,3.393173047E0
5.986564708E1,6.499532872E1,2.546422060E1,-4.027320463E-1,1.548579365E0,1.865457599E1,4.729949411E0,3.384097457E0
6.086564255E1,6.499533870E1,2.546421604E1,-5.726946127E-1,1.135198968E0,5.412347358E0,4.721524791E0,3.395841675E0
6.186563766E1,6.499535453E1,2.546420640E1,-4.293982210E-1,1.330005913E0,3.549909477E2,4.726448221E0,3.388985725E0
6.286563265E1,6.499537022E1,2.546421107E1,-1.814987645E0,1.415799622E0,3.595633579E2,4.732696112E0,3.380255100E0
6.386562753E1,6.499538281E1,2.546421609E1,-2.066105176E0,1.172628055E0,4.769422323E0,4.730013801E0,3.384007458E0
6.486562300E1,6.499539726E1,2.546421020E1,-1.750434051E0,1.309227827E0,3.568900347E2,4.734950794E0,3.377096091E0
6.586561906E1,6.499541485E1,2.546420466E1,-1.887376210E0,1.516802998E0,3.548240872E2,4.736099420E0,3.375485050E0
6.686561394E1,6.499542327E1,2.546419897E1,-2.164739919E0,1.159580876E0,3.542346149E2,4.723697483E0,3.392818757E0
6.786560929E1,6.499544150E1,2.546419680E1,-2.106419747E0,1.449938495E0,3.550208169E2,4.726196040E0,3.389337402E0
6.886560369E1,6.499545476E1,2.546419186E1,-1.967659379E0,1.413542920E0,3.544912476E2,4.731565530E0,3.381837469E0
6.986559916E1,6.499546760E1,2.546417820E1,-1.771560031E0,1.418563388E0,3.494032163E2,4.734958835E0,3.377084818E0
7.086559439E1,6.499548407E1,2.546417539E1,-1.284188397E0,1.516202594E0,3.514978990E2,4.737836367E0,3.373046634E0
7.186558950E1,6.499549383E1,2.546418199E1,-1.556521138E0,1.157743556E0,3.584428023E2,4.728843771E0,3.385642276E0
7.286558485E1,6.499550858E1,2.546417668E1,-1.654835725E0,1.314274380E0,3.536863135E2,4.734009234E0,3.378415842E0
7.386557949E1,6.499552287E1,2.546417083E1,-1.448469424E0,1.322469783E0,3.522226859E2,4.740292870E0,3.369593527E0
7.486557531E1,6.499554100E1,2.546416660E1,-1.066407904E0,1.559461744E0,3.524459489E2,4.746804576E0,3.360414163E0
7.586557078E1,6.499554911E1,2.546417112E1,-1.098955964E0,1.194865217E0,3.578934821E2,4.732607954E0,3.380378527E0
7.686556566E1,6.499556520E1,2.546417822E1,-7.482525045E-1,1.438554691E0,4.404333593E0,4.735723478E0,3.376012466E0
7.786556077E1,6.499558168E1,2.546417387E1,-8.592980569E-1,1.597985085E0,9.563004272E-1,4.735487312E0,3.376343726E0
7.886555493E1,6.499558868E1,2.546416144E1,-1.650497044E0,1.266478795E0,3.505053506E2,4.728372351E0,3.386300629E0
7.986555064E1,6.499559954E1,2.546415299E1,-1.898694975E0,1.272995350E0,3.477489256E2,4.732862867E0,3.380021615E0
8.086554611E1,6.499561284E1,2.546415659E1,-1.767415831E0,1.248291146E0,3.539931533E2,4.738165713E0,3.372583981E0
8.186554062E1,6.499563071E1,2.546416806E1,-1.923467710E0,1.591040956E0,5.376417474E0,4.732081033E0,3.381116107E0
8.286553526E1,6.499563783E1,2.546416979E1,-1.860720047E0,1.149566571E0,4.900219399E0,4.726355203E0,3.389115450E0
8.386553156E1,6.499565093E1,2.546416740E1,-1.671651872E0,1.238209795E0,3.585760886E2,4.731529051E0,3.381888506E0
8.486552596E1,6.499566226E1,2.546415742E1,-1.958828049E0,1.200510300E0,3.531397810E2,4.732236542E0,3.380898452E0
8.586552095E1,6.499567814E1,2.546414085E1,-2.827236504E0,1.515724240E0,3.469865475E2,4.734794214E0,3.377315619E0
8.686551619E1,6.499568841E1,2.546413143E1,-2.292891515E0,1.206292353E0,3.460137319E2,4.725099793E0,3.390865520E0
8.786551106E1,6.499570449E1,2.546412223E1,-2.513969410E0,1.431296115E0,3.461756275E2,4.729621268E0,3.384556056E0
8.886550629E1,6.499572069E1,2.546412046E1,-2.694371846E0,1.535776581E0,3.503579613E2,4.731758918E0,3.381566881E0
8.986550069E1,6.499573085E1,2.546412243E1,-2.492044424E0,1.202669004E0,3.551517248E2,4.725419916E0,3.390419391E0
9.086549532E1,6.499574443E1,2.546411284E1,-2.566050139E0,1.399480752E0,3.508679765E2,4.732297560E0,3.380813044E0
9.186549067E1,6.499576330E1,2.546410513E1,-2.231185679E0,1.691156910E0,3.518470042E2,4.733406882E0,3.379259729E0
9.286548603E1,6.499577007E1,2.546410484E1,-2.124349913E0,1.204104077E0,3.544404101E2,4.725287588E0,3.390603817E0
9.386548126E1,6.499578575E1,2.546410521E1,-2.093726415E0,1.404218932E0,3.556338900E2,4.729613259E0,3.384567247E0
9.486547625E1,6.499580457E1,2.546410368E1,-1.419183380E0,1.578290369E0,3.562486586E2,4.732904654E0,3.379963102E0
9.586547112E1,6.499581355E1,2.546409747E1,-1.956820173E0,1.226353394E0,3.511360879E2,4.725579197E0,3.390197382E0
9.686546624E1,6.499582861E1,2.546409650E1,-2.179944072E0,1.363196186E0,3.527685347E2,4.728976689E0,3.385456617E0
9.786546087E1,6.499584031E1,2.546409404E1,-2.363902581E0,1.389482352E0,3.535484383E2,4.732918559E0,3.379943631E0
9.886545622E1,6.499585235E1,2.546409181E1,-2.190060809E0,1.380995574E0,3.540303040E2,4.730525688E0,3.383291851E0
9.986545122E1,6.499586677E1,2.546408951E1,-2.152220861E0,1.481096727E0,3.537257312E2,4.730381229E0,3.383493824E0
1.008654449E2,6.499588171E1,2.546408258E1,-2.042164956E0,1.640570876E0,3.529362382E2,4.730679981E0,3.383076108E0
1.018654404E2,6.499589191E1,2.546408364E1,-2.332813302E0,1.190979061E0,3.556705401E2,4.722300795E0,3.394762471E0
1.028654361E2,6.499590381E1,2.546408516E1,-2.438866284E0,1.301410830E0,3.574947500E2,4.722299373E0,3.394764450E0
1.038654308E2,6.499591987E1,2.546408213E1,-1.930216573E0,1.514933849E0,3.563088563E2,4.725464720E0,3.390356945E0
1.048654256E2,6.499592847E1,2.546408138E1,-3.188537179E0,1.099527877E0,3.546727936E2,4.723553322E0,3.393019458E0
1.058654211E2,6.499594984E1,2.546408880E1,-2.002999336E0,1.671718678E0,1.821675866E0,4.727144496E0,3.388014455E0
1.068654157E2,6.499595705E1,2.546408992E1,-1.882404193E0,1.197202204E0,2.990444826E0,4.718525659E0,3.400007741E0
1.078654102E2,6.499596855E1,2.546408488E1,-2.136998929E0,1.163156407E0,3.574925111E2,4.725635581E0,3.390118787E0
1.088654044E2,6.499598644E1,2.546408276E1,-1.707182207E0,1.390139597E0,3.546552748E2,4.728963597E0,3.385474904E0
1.098654000E2,6.499600396E1,2.546408300E1,-1.791855232E0,1.625911055E0,3.566959662E2,4.732436934E0,3.380617946E0
1.108653954E2,6.499601101E1,2.546407393E1,-2.191543993E0,1.250880086E0,3.517367674E2,4.723485113E0,3.393114413E0
1.118653901E2,6.499602751E1,2.546407312E1,-2.235293294E0,1.584743425E0,3.555510532E2,4.731285877E0,3.382228700E0
1.128653853E2,6.499603612E1,2.546407215E1,-2.736017222E0,1.203164851E0,3.590704887E2,4.724912846E0,3.391126013E0
1.138653803E2,6.499604619E1,2.546406223E1,-3.031307580E0,1.193841839E0,3.524300323E2,4.725221894E0,3.390695369E0
1.148653743E2,6.499605916E1,2.546405841E1,-3.009890061E0,1.229899684E0,3.527622684E2,4.730729225E0,3.383007246E0
1.158653698E2,6.499607666E1,2.546405849E1,-2.843366493E0,1.507501380E0,3.565003643E2,4.732496019E0,3.380535233E0
1.168653650E2,6.499608802E1,2.546405294E1,-3.079595303E0,1.202964786E0,3.546368570E2,4.725618510E0,3.390142582E0
1.178653600E2,6.499610010E1,2.546404211E1,-2.724414876E0,1.341012648E0,3.471398694E2,4.728548369E0,3.386054837E0
1.188653550E2,6.499611322E1,2.546404304E1,-3.420816098E0,1.355404486E0,3.535595378E2,4.729182323E0,3.385169359E0
1.198653502E2,6.499612409E1,2.546403571E1,-3.815998158E0,1.325115301E0,3.518044857E2,4.731018203E0,3.382603109E0
1.208653436E2,6.499613325E1,2.546403115E1,-3.037493927E0,1.050788349E0,3.510448090E2,4.726186049E0,3.389351333E0
1.218653394E2,6.499614726E1,2.546402474E1,-3.628876699E0,1.074133775E0,3.493635958E2,4.733569861E0,3.379031430E0
1.228653340E2,6.499616769E1,2.546401636E1,-3.107767298E0,1.468854547E0,3.502547673E2,4.733880899E0,3.378595664E0
1.238653300E2,6.499617962E1,2.546400560E1,-2.877402576E0,1.282294091E0,3.459024914E2,4.730019249E0,3.383999843E0
1.248653244E2,6.499618981E1,2.546400017E1,-3.359367297E0,1.259456799E0,3.471258544E2,4.726674118E0,3.388670656E0
1.258653194E2,6.499620622E1,2.546399726E1,-3.604571298E0,1.515602180E0,3.504512197E2,4.736289363E0,3.375218527E0
1.268653141E2,6.499621494E1,2.546399674E1,-3.785051906E0,1.192311784E0,3.546101047E2,4.728438015E0,3.386208938E0
1.278653091E2,6.499622486E1,2.546399439E1,-4.278327140E0,1.179030685E0,3.568875793E2,4.731478050E0,3.381959860E0
1.288653039E2,6.499623768E1,2.546399393E1,-4.272718522E0,1.224717002E0,3.563196217E2,4.731198227E0,3.382351308E0
1.298652992E2,6.499625444E1,2.546400057E1,-3.979713148E0,1.480358517E0,2.400012568E0,4.732262218E0,3.380862514E0
1.308652939E2,6.499626573E1,2.546400439E1,-3.402308664E0,1.194213829E0,5.605653464E0,4.724764147E0,3.391333187E0
1.318652898E2,6.499627938E1,2.546400576E1,-4.266687579E0,1.430336512E0,2.906167413E0,4.726323218E0,3.389160054E0
1.328656744E2,6.499629409E1,2.546399836E1,-4.078292452E0,1.425488618E0,3.545990620E2,4.731369383E0,3.382111884E0
1.338656758E2,6.499630608E1,2.546399797E1,-3.991751956E0,1.342823809E0,3.560164489E2,4.732654310E0,3.380313626E0
1.348656723E2,6.499632107E1,2.546399690E1,-3.625595527E0,1.230913833E0,3.562667589E2,4.731542698E0,3.381869413E0
1.358656719E2,6.499633510E1,2.546399988E1,-2.840224672E0,1.130808729E0,2.867025049E-1,4.729656564E0,3.384506732E0
1.368656780E2,6.499634433E1,2.546399612E1,-2.939049912E0,1.167029582E0,3.588809171E2,4.725772505E0,3.389927914E0
1.378656794E2,6.499635631E1,2.546399495E1,-2.600153509E0,1.113010242E0,3.571009684E2,4.729779737E0,3.384334598E0
1.388656818E2,6.499636105E1,2.546399463E1,-3.137436744E0,8.286716931E-1,3.575680925E2,4.725315478E0,3.390564948E0
1.398656913E2,6.499636235E1,2.546399337E1,-2.901953281E0,3.730651090E-1,3.567590125E2,4.729583317E0,3.384609088E0
1.408656919E2,6.499636066E1,2.546399426E1,-2.700694188E0,9.734627851E-3,3.567590134E2,4.732295887E0,3.380815386E0
1.418656927E2,6.499636276E1,2.546399115E1,-2.632353664E0,2.460135624E-1,3.567590104E2,4.730067292E0,3.383932689E0
1.428656995E2,6.499637895E1,2.546398809E1,-1.910678907E0,1.293293100E0,3.560037138E2,4.730735610E0,3.382998318E0
1.438656996E2,6.499640149E1,2.546399287E1,-2.933083916E0,1.907701920E0,2.094065397E0,4.730525058E0,3.383292731E0
1.448657033E2,6.499640649E1,2.546398360E1,-3.375862508E0,1.219724821E0,3.536931305E2,4.723854453E0,3.392600203E0
1.458657101E2,6.499642293E1,2.546397782E1,-2.970283058E0,1.552401944E0,3.524025805E2,4.729355884E0,3.384926876E0
1.468657113E2,6.499643714E1,2.546397614E1,-2.848422330E0,1.588749598E0,3.543507671E2,4.733306973E0,3.379399670E0
1.478657117E2,6.499645540E1,2.546397573E1,-2.602884169E0,1.772285857E0,3.563296071E2,4.732672954E0,3.380287524E0
1.488657104E2,6.499646902E1,2.546396963E1,-2.717278417E0,1.677073337E0,3.542126289E2,4.735071794E0,3.376926433E0
1.498657099E2,6.499647969E1,2.546397075E1,-2.955611754E0,1.375702142E0,3.560519055E2,4.735797253E0,3.375908976E0
1.508657089E2,6.499649694E1,2.546396774E1,-2.941382758E0,1.564136987E0,3.559372643E2,4.737119966E0,3.374052675E0
1.518657073E2,6.499651111E1,2.546396186E1,-3.199546114E0,1.567534852E0,3.525620172E2,4.739941266E0,3.370088103E0
1.528657064E2,6.499652790E1,2.546396318E1,-3.327238654E0,1.708032285E0,3.554894706E2,4.738240406E0,3.372479042E0
1.538657035E2,6.499653768E1,2.546396177E1,-3.378133342E0,1.226979703E0,3.579054408E2,4.730481637E0,3.383353443E0
1.548657016E2,6.499655355E1,2.546395571E1,-3.480837296E0,1.550446258E0,3.550499580E2,4.729066608E0,3.385331011E0
1.558657001E2,6.499656592E1,2.546395248E1,-3.249800893E0,1.221288257E0,3.547333101E2,4.724387511E0,3.391857851E0
1.568656979E2,6.499658379E1,2.546394616E1,-3.088086900E0,1.620341918E0,3.533213814E2,4.729618778E0,3.384559536E0
1.578656957E2,6.499659965E1,2.546393975E1,-2.938989626E0,1.598254948E0,3.515622169E2,4.723523217E0,3.393061368E0
1.588656924E2,6.499661345E1,2.546392507E1,-3.091911946E0,1.612210878E0,3.438354594E2,4.722614602E0,3.394325906E0
1.598656913E2,6.499662804E1,2.546392389E1,-3.099430787E0,1.617994168E0,3.483073242E2,4.721023940E0,3.396537942E0
1.608656874E2,6.499664216E1,2.546392363E1,-2.681207801E0,1.579440237E0,3.520458381E2,4.718603700E0,3.399899433E0
1.618656849E2,6.499665756E1,2.546392425E1,-2.705780986E0,1.635853163E0,3.567360212E2,4.717781747E0,3.401039902E0
1.628656819E2,6.499667075E1,2.546392285E1,-2.467529020E0,1.628612377E0,3.560462906E2,4.718857267E0,3.399547488E0
1.638656794E2,6.499668721E1,2.546393828E1,-2.974410607E0,1.653154154E0,7.422958195E0,4.721897419E0,3.395323519E0
1.648656759E2,6.499670264E1,2.546393492E1,-2.808064636E0,1.653392408E0,3.188869539E0,4.722962923E0,3.393841225E0
1.658656728E2,6.499671700E1,2.546393225E1,-2.440826519E0,1.653967595E0,1.070608827E0,4.723102523E0,3.393646946E0
1.668656698E2,6.499673156E1,2.546392643E1,-2.631793663E0,1.651010568E0,3.573032254E2,4.722466161E0,3.394532425E0
1.678656665E2,6.499674573E1,2.546392230E1,-2.655678781E0,1.645989318E0,3.560061973E2,4.722920336E0,3.393900490E0
1.688656626E2,6.499676032E1,2.546391349E1,-2.154707667E0,1.627632058E0,3.520839862E2,4.721490480E0,3.395889379E0
1.698656595E2,6.499677349E1,2.546390906E1,-1.773656551E0,1.622913569E0,3.531835521E2,4.718160891E0,3.400513908E0
1.708656569E2,6.499678839E1,2.546390899E1,-2.292503946E0,1.649437723E0,3.543470383E2,4.716056083E0,3.403432392E0
1.718656522E2,6.499680320E1,2.546391020E1,-2.642935484E0,1.608223258E0,3.567383480E2,4.711645636E0,3.409535516E0
1.728656485E2,6.499681862E1,2.546390598E1,-2.429218595E0,1.629944875E0,3.553216200E2,4.711109087E0,3.410276851E0
1.738656448E2,6.499683398E1,2.546390619E1,-2.574614470E0,1.639589769E0,3.567427695E2,4.712478644E0,3.408384084E0
1.748656417E2,6.499684952E1,2.546390307E1,-2.637029950E0,1.638416036E0,3.565236314E2,4.712275940E0,3.408664328E0
1.758656374E2,6.499686493E1,2.546390015E1,-2.686353872E0,1.637379738E0,3.545112428E2,4.712021400E0,3.409016186E0
1.768656335E2,6.499688053E1,2.546389752E1,-2.361406256E0,1.634186021E0,3.556361154E2,4.710075302E0,3.411704512E0
1.778656300E2,6.499689576E1,2.546389605E1,-2.896596983E0,1.635008752E0,3.570068674E2,4.710781769E0,3.410728977E0
1.788656254E2,6.499691195E1,2.546389504E1,-2.670262177E0,1.654894427E0,3.574570902E2,4.709445956E0,3.412573196E0
1.798656220E2,6.499692778E1,2.546388682E1,-3.288795616E0,1.657925089E0,3.546396242E2,4.711935540E0,3.409134861E0
1.808656176E2,6.499694276E1,2.546388576E1,-2.622350250E0,1.637181500E0,3.553666220E2,4.711195958E0,3.410156840E0
1.818656144E2,6.499695912E1,2.546388695E1,-2.620905360E0,1.664460023E0,3.588516224E2,4.710492185E0,3.411128905E0
1.828656102E2,6.499697487E1,2.546388382E1,-2.498265328E0,1.653185464E0,3.556424523E2,4.709779329E0,3.412113085E0
1.838656055E2,6.499699012E1,2.546387738E1,-2.454763591E0,1.668826008E0,3.536198671E2,4.710442082E0,3.411198093E0
1.848656015E2,6.499700586E1,2.546387867E1,-2.989815906E0,1.670266182E0,3.561948315E2,4.710373799E0,3.411292380E0
1.858655975E2,6.499702251E1,2.546387945E1,-2.916124045E0,1.687196407E0,3.580524428E2,4.713160528E0,3.407441102E0
1.868655931E2,6.499703911E1,2.546387482E1,-3.402243155E0,1.676219472E0,3.545571946E2,4.713166338E0,3.407433067E0
1.878655896E2,6.499705553E1,2.546387842E1,-3.128926637E0,1.693288095E0,3.587446797E2,4.715291404E0,3.404491740E0
1.888655846E2,6.499707210E1,2.546388344E1,-3.007881648E0,1.688792453E0,3.387599306E0,4.713734740E0,3.406646714E0
1.898655812E2,6.499708680E1,2.546388160E1,-3.551302473E0,1.693194870E0,2.822668451E0,4.706018982E0,3.417297525E0
1.908655766E2,6.499710239E1,2.546388380E1,-2.914173055E0,1.696596371E0,4.287200099E0,4.702186137E0,3.422569586E0
1.918655723E2,6.499711873E1,2.546387973E1,-3.455363270E0,1.692261802E0,3.592529420E2,4.703678152E0,3.420518802E0
1.928655688E2,6.499713534E1,2.546387814E1,-3.801811882E0,1.692723667E0,9.001685057E-2,4.703541419E0,3.420706821E0
1.938655642E2,6.499715246E1,2.546387688E1,-3.299451079E0,1.695252953E0,3.594040283E2,4.704107156E0,3.419928786E0
1.948655610E2,6.499716852E1,2.546388059E1,-3.519601549E0,1.702274043E0,2.490653437E0,4.705852699E0,3.417526505E0
1.958655553E2,6.499718563E1,2.546389185E1,-3.586512353E0,1.710839998E0,8.620127156E0,4.707746618E0,3.414917102E0
1.968655514E2,6.499720460E1,2.546389386E1,-3.453658368E0,1.735587038E0,8.226952538E0,4.707897624E0,3.414708918E0
1.978655472E2,6.499722188E1,2.546389533E1,-3.745252256E0,1.727039134E0,6.558957180E0,4.707804697E0,3.414837034E0
1.988655431E2,6.499723838E1,2.546389133E1,-4.357902098E0,1.715733311E0,2.745947511E0,4.709249752E0,3.412843947E0
1.998655391E2,6.499725437E1,2.546389075E1,-3.938007672E0,1.722649331E0,2.249182841E0,4.710774106E0,3.410739561E0
2.008655347E2,6.499727183E1,2.546389483E1,-3.142667320E0,1.734628092E0,5.408946513E0,4.706542560E0,3.416576380E0
2.018655301E2,6.499728741E1,2.546390478E1,-3.226629062E0,1.738226182E0,1.015778901E1,4.706364939E0,3.416821051E0
2.028655260E2,6.499730452E1,2.546389647E1,-3.123112745E0,1.744427833E0,3.599481059E2,4.708018869E0,3.414541750E0
2.038655213E2,6.499732063E1,2.546389966E1,-3.504949292E0,1.725210430E0,2.247463868E0,4.707166313E0,3.415716958E0
2.048655170E2,6.499733803E1,2.546389489E1,-3.355870191E0,1.726417854E0,3.100845900E-1,4.706705490E0,3.416351924E0
2.058655133E2,6.499735460E1,2.546389901E1,-3.642261412E0,1.726653100E0,3.283144698E0,4.708147390E0,3.414364536E0
2.068655081E2,6.499736982E1,2.546389754E1,-3.944852616E0,1.710135559E0,3.594130793E2,4.703456404E0,3.420823715E0
2.078655038E2,6.499738715E1,2.546389475E1,-3.416203325E0,1.727992715E0,3.573968424E2,4.699337799E0,3.426479430E0
2.088654997E2,6.499740206E1,2.546389410E1,-3.951243826E0,1.719283041E0,3.569998303E2,4.700402484E0,3.425018762E0
2.098654953E2,6.499741874E1,2.546391480E1,-3.845553283E0,1.709130554E0,4.861879556E0,4.701227879E0,3.423885725E0
2.108654906E2,6.499743588E1,2.546391928E1,-4.594533576E0,1.745572688E0,8.950169562E0,4.706171820E0,3.417087040E0
2.118654864E2,6.499745334E1,2.546391500E1,-4.190322637E0,1.749950565E0,1.767946983E0,4.707088130E0,3.415824698E0
2.128654823E2,6.499746765E1,2.546389724E1,-4.329459252E0,1.720656024E0,3.481581940E2,4.709072838E0,3.413088050E0
2.138654779E2,6.499748362E1,2.546388857E1,-3.945307784E0,1.708491548E0,3.493952723E2,4.707814324E0,3.414823761E0
2.148654740E2,6.499750062E1,2.546388493E1,-3.759227744E0,1.739690051E0,3.523115925E2,4.705250996E0,3.418354881E0
2.158654698E2,6.499751669E1,2.546388397E1,-4.206825311E0,1.733419413E0,3.563339424E2,4.707303857E0,3.415527401E0
2.168654647E2,6.499753125E1,2.546387970E1,-4.163244559E0,1.744741755E0,3.544139090E2,4.707936616E0,3.414655159E0
2.178654597E2,6.499754582E1,2.546387228E1,-4.393851730E0,1.747564821E0,3.515374107E2,4.707898377E0,3.414707880E0
2.188654566E2,6.499756216E1,2.546387375E1,-4.390752961E0,1.763698007E0,3.557426680E2,4.707991390E0,3.414579638E0
2.198654522E2,6.499757858E1,2.546387281E1,-4.346277271E0,1.785547163E0,3.567481007E2,4.708118276E0,3.414404682E0
2.208654469E2,6.499759644E1,2.546386477E1,-3.438188821E0,1.798329022E0,3.535036018E2,4.707778322E0,3.414873395E0
2.218654423E2,6.499761287E1,2.546386512E1,-4.172949989E0,1.831262970E0,3.553147450E2,4.705567383E0,3.417919344E0
2.228654386E2,6.499762784E1,2.546386584E1,-4.456422165E0,1.743056048E0,3.566142548E2,4.708596663E0,3.413744937E0
2.238654345E2,6.499764357E1,2.546384523E1,-4.187786812E0,1.761800174E0,3.443662173E2,4.708594622E0,3.413747753E0
2.248654300E2,6.499766042E1,2.546384891E1,-3.854919432E0,1.767677672E0,3.513464353E2,4.700392881E0,3.425031941E0
2.258654258E2,6.499767882E1,2.546384997E1,-2.724281690E0,1.776305516E0,3.551630696E2,4.699451844E0,3.426323015E0
2.268654208E2,6.499769645E1,2.546385041E1,-2.646741092E0,1.790790648E0,3.566961567E2,4.699414763E0,3.426373873E0
2.278654165E2,6.499771159E1,2.546385157E1,-3.811504232E0,1.759450062E0,3.574005953E2,4.702318535E0,3.422387679E0
2.288654118E2,6.499772800E1,2.546384485E1,-2.845543687E0,1.816248851E0,3.568379503E2,4.702155628E0,3.422611501E0
2.298654078E2,6.499774450E1,2.546382900E1,-3.030326753E0,1.830219517E0,3.522605479E2,4.701621567E0,3.423345100E0
2.308654033E2,6.499776108E1,2.546383515E1,-4.065831245E0,1.786863496E0,1.690264803E0,4.705080172E0,3.418590003E0
2.318653985E2,6.499777822E1,2.546382989E1,-4.090818824E0,1.785262695E0,3.570101113E2,4.706657192E0,3.416418462E0
2.328653942E2,6.499779413E1,2.546383343E1,-3.722335142E0,1.786910700E0,7.485927722E-1,4.706138978E0,3.417132270E0
2.338653899E2,6.499780877E1,2.546382596E1,-4.219308536E0,1.786640614E0,3.568989169E2,4.706037076E0,3.417272607E0
2.348653855E2,6.499782485E1,2.546382201E1,-3.946022879E0,1.786741391E0,3.562256437E2,4.706052653E0,3.417251155E0
2.358653818E2,6.499783962E1,2.546381831E1,-3.828586929E0,1.782754343E0,3.550340171E2,4.703815613E0,3.420329767E0
2.368653772E2,6.499785492E1,2.546381557E1,-4.223759781E0,1.806788568E0,3.532991767E2,4.704029701E0,3.420035322E0
2.378653715E2,6.499787073E1,2.546383100E1,-4.161699333E0,1.836111070E0,6.144897633E0,4.702443002E0,3.422216657E0
2.388653682E2,6.499788577E1,2.546382280E1,-4.064262076E0,1.803335936E0,3.598038937E2,4.703478307E0,3.420793599E0
2.398653637E2,6.499790065E1,2.546381099E1,-4.145326780E0,1.799459961E0,3.530320589E2,4.704000986E0,3.420074817E0
2.408653591E2,6.499791660E1,2.546381708E1,-4.105499942E0,1.788906253E0,3.598345866E2,4.703719452E0,3.420462008E0
2.418653549E2,6.499793123E1,2.546381467E1,-4.157694184E0,1.767997597E0,3.578685785E2,4.695458399E0,3.431793621E0
2.428653500E2,6.499794753E1,2.546381690E1,-3.926356656E0,1.788063140E0,9.739882541E-1,4.697245223E0,3.429347510E0
2.438653455E2,6.499796280E1,2.546380737E1,-3.975080132E0,1.799985644E0,3.545943138E2,4.697712245E0,3.428707730E0
2.448653413E2,6.499797935E1,2.546380628E1,-4.331731302E0,1.797861152E0,3.554818665E2,4.698736496E0,3.427303951E0
2.458653367E2,6.499799390E1,2.546380346E1,-4.284005877E0,1.795055420E0,3.551491822E2,4.700840142E0,3.424418052E0
2.468653330E2,6.499800991E1,2.546379964E1,-4.029897667E0,1.787730758E0,3.548788569E2,4.702100987E0,3.422686567E0
2.478653281E2,6.499802388E1,2.546379387E1,-3.846670936E0,1.766881251E0,3.526870637E2,4.702318114E0,3.422388259E0
2.488653237E2,6.499803987E1,2.546379630E1,-4.692561243E0,1.791180069E0,3.571357010E2,4.704754226E0,3.419038565E0
2.498653188E2,6.499805552E1,2.546379298E1,-3.957221645E0,1.763313973E0,3.572733935E2,4.704913001E0,3.418820072E0
2.508653152E2,6.499807120E1,2.546379480E1,-4.656081317E0,1.786198501E0,3.593336739E2,4.705708467E0,3.417725100E0
2.518653100E2,6.499808602E1,2.546379196E1,-4.245008087E0,1.783186372E0,3.571060350E2,4.706933273E0,3.416038084E0
2.528653061E2,6.499810205E1,2.546379084E1,-4.132879024E0,1.783645852E0,3.574531369E2,4.705648788E0,3.417807267E0
2.538653017E2,6.499811718E1,2.546379476E1,-3.785955264E0,1.785647776E0,8.318866510E-1,4.706033897E0,3.417276984E0
2.548652964E2,6.499813255E1,2.546379195E1,-3.673229598E0,1.797567982E0,3.572881188E2,4.705349579E0,3.418219181E0
2.558652927E2,6.499814773E1,2.546379471E1,-3.318033007E0,1.788708076E0,1.560026884E0,4.706266309E0,3.416956901E0
2.568652880E2,6.499816350E1,2.546379425E1,-3.715639633E0,1.792735537E0,2.245971840E0,4.708098186E0,3.414432383E0
2.578652843E2,6.499817755E1,2.546378571E1,-3.368549591E0,1.766611172E0,3.552015082E2,4.709358984E0,3.412693217E0
2.588654830E2,6.499819178E1,2.546378951E1,-2.922370268E0,1.763947093E0,3.577141351E2,4.708299336E0,3.414155004E0
2.598654852E2,6.499820750E1,2.546378499E1,-2.412579736E0,1.771875682E0,3.573495489E2,4.702960732E0,3.421505135E0
2.608654872E2,6.499822141E1,2.546378240E1,-2.021776680E0,1.767722852E0,3.579319007E2,4.703203459E0,3.421171474E0
2.618654925E2,6.499823536E1,2.546378252E1,-1.574362871E0,1.712873590E0,3.586647336E2,4.701191624E0,3.423935505E0
2.628654990E2,6.499825056E1,2.546378070E1,-1.627763839E0,1.724084033E0,3.594951447E2,4.700352220E0,3.425087742E0
2.638655035E2,6.499826594E1,2.546377946E1,-1.607354326E0,1.746521851E0,3.576835047E2,4.699142743E0,3.426746929E0
2.648655072E2,6.499828074E1,2.546377107E1,-1.013468695E0,1.750230628E0,3.537925718E2,4.700488480E0,3.424900740E0
2.658655157E2,6.499829586E1,2.546376276E1,-1.141665328E0,1.760933679E0,3.503398666E2,4.699326509E0,3.426494914E0
2.668655233E2,6.499831221E1,2.546376649E1,-8.902387647E-1,1.768371890E0,3.583304913E2,4.699788466E0,3.425861265E0
2.678655318E2,6.499832862E1,2.546376904E1,-5.564422635E-1,1.777453480E0,3.583487979E2,4.701141207E0,3.424004730E0
2.688655385E2,6.499834114E1,2.546375245E1,-1.675902726E-1,1.719203246E0,3.477011847E2,4.700552846E0,3.424812399E0
2.698655430E2,6.499835787E1,2.546376198E1,-5.632324237E-1,1.759625817E0,3.567811509E2,4.703236616E0,3.421125892E0
2.708655484E2,6.499837335E1,2.546375907E1,-5.853757029E-1,1.746890895E0,3.577646951E2,4.705632307E0,3.417829958E0
2.718655602E2,6.499838842E1,2.546374782E1,-4.151176065E-1,1.749519027E0,3.525772844E2,4.705285098E0,3.418307941E0
2.728655707E2,6.499840167E1,2.546373157E1,-1.824803958E-1,1.731015993E0,3.442492044E2,4.705823460E0,3.417566765E0
2.738655813E2,6.499841702E1,2.546372809E1,5.223139338E-1,1.726840762E0,3.438337307E2,4.706378756E0,3.416802020E0
2.748655891E2,6.499843118E1,2.546372485E1,9.418843687E-1,1.732938396E0,3.493631646E2,4.706659421E0,3.416415391E0
2.758655981E2,6.499844811E1,2.546372973E1,1.412883882E0,1.751227181E0,3.559034110E2,4.706110040E0,3.417172124E0
2.768656042E2,6.499846414E1,2.546372883E1,1.698008275E0,1.749460357E0,3.554098915E2,4.701052166E0,3.424126978E0
2.778656136E2,6.499848005E1,2.546372950E1,1.688475714E0,1.752774853E0,3.569714168E2,4.702631597E0,3.421957495E0
2.788656175E2,6.499849461E1,2.546373613E1,1.481150512E0,1.741503519E0,1.522204411E0,4.705869232E0,3.417503739E0
2.798656225E2,6.499850867E1,2.546372934E1,2.109405035E0,1.721396795E0,3.552528658E2,4.704737555E0,3.419061504E0
2.808656279E2,6.499852471E1,2.546372564E1,2.169502315E0,1.730011234E0,3.534872046E2,4.703785069E0,3.420371772E0
2.818656330E2,6.499854252E1,2.546373505E1,2.576799306E0,1.727832157E0,1.087081021E0,4.702480707E0,3.422164845E0
2.828656362E2,6.499855724E1,2.546373696E1,1.756571232E0,1.722067423E0,3.525481191E0,4.706109258E0,3.417173201E0
2.838656403E2,6.499857104E1,2.546373367E1,8.979256945E-1,1.670709310E0,1.532141159E0,4.711804495E0,3.409315978E0
2.848656434E2,6.499858772E1,2.546373437E1,1.429075355E0,1.749024147E0,1.009558766E0,4.710991959E0,3.410438651E0
2.858656458E2,6.499860484E1,2.546374488E1,1.310961973E0,1.810389955E0,9.579712349E0,4.704102317E0,3.419935442E0
2.868656477E2,6.499862088E1,2.546374093E1,1.455146646E0,1.766574924E0,5.445582172E0,4.701091627E0,3.424072801E0
2.878656499E2,6.499863549E1,2.546372823E1,7.191754337E-1,1.761771386E0,3.566776609E2,4.703347138E0,3.420973944E0
2.888656511E2,6.499864883E1,2.546371246E1,3.249119557E-1,1.682810814E0,3.465761043E2,4.706952672E0,3.416011355E0
2.898656526E2,6.499866419E1,2.546370834E1,5.589390984E-1,1.706955979E0,3.492091130E2,4.709642350E0,3.412302151E0
2.908656527E2,6.499867988E1,2.546371027E1,9.636812033E-1,1.727043332E0,3.559577231E2,4.706963088E0,3.415997002E0
2.918656547E2,6.499869470E1,2.546371094E1,1.008140706E0,1.730261951E0,3.592355073E2,4.706756033E0,3.416282289E0
2.928656543E2,6.499870896E1,2.546371034E1,1.364284894E0,1.731164900E0,3.596748086E2,4.706717481E0,3.416335403E0
2.938656545E2,6.499872359E1,2.546371441E1,1.085421902E0,1.732661247E0,2.717346996E0,4.707855680E0,3.414766747E0
2.948656543E2,6.499873931E1,2.546371634E1,1.118750263E0,1.724200648E0,4.283238380E0,4.704487522E0,3.419405531E0
2.958656547E2,6.499875405E1,2.546370954E1,1.564005786E0,1.717156598E0,3.596015111E2,4.701531395E0,3.423468939E0
2.968656545E2,6.499876855E1,2.546370234E1,1.290472706E0,1.717675854E0,3.574661803E2,4.696396883E0,3.430509197E0
2.978656535E2,6.499878333E1,2.546370161E1,1.439130019E0,1.735826080E0,3.579568289E2,4.695255729E0,3.432070902E0
2.988656533E2,6.499879816E1,2.546370002E1,8.959802715E-1,1.741493435E0,3.593998775E2,4.695598685E0,3.431601670E0
2.998656520E2,6.499881286E1,2.546370537E1,1.053948691E0,1.705969109E0,4.140606189E0,4.694872573E0,3.432595017E0
3.008656504E2,6.499882995E1,2.546370089E1,6.964907264E-1,1.730426355E0,3.475919775E0,4.694994606E0,3.432428102E0
3.018656497E2,6.499884525E1,2.546369156E1,9.686974287E-1,1.736463578E0,4.548512434E-1,4.692054103E0,3.436446614E0
3.028656487E2,6.499886011E1,2.546368327E1,2.187631910E0,1.667331009E0,3.588584652E2,4.688281553E0,3.441591654E0
3.038656466E2,6.499887433E1,2.546369263E1,2.561981958E0,1.683082014E0,5.950852844E0,4.688182056E0,3.441727189E0
3.048656455E2,6.499888742E1,2.546370052E1,2.361702424E0,1.693756718E0,8.539583873E0,4.690556902E0,3.438489928E0
3.058656427E2,6.499890032E1,2.546373426E1,2.462730553E0,1.728920141E0,2.493690358E1,4.693272068E0,3.434783010E0
3.068656412E2,6.499891255E1,2.546375503E1,2.294543207E0,1.722591657E0,2.782527484E1,4.693152940E0,3.434945780E0
3.078656399E2,6.499892487E1,2.546377247E1,2.673248215E0,1.677084926E0,2.749441686E1,4.694018878E0,3.433762340E0
3.088656372E2,6.499893041E1,2.546380703E1,2.719160005E0,1.657233722E0,4.579469394E1,4.695809361E0,3.431313375E0
3.098656358E2,6.499893340E1,2.546384377E1,3.279062099E0,1.688486347E0,5.962086483E1,4.698024042E0,3.428280493E0
3.108656332E2,6.499893604E1,2.546387650E1,3.083633240E0,1.710495518E0,6.547635513E1,4.699455966E0,3.426317361E0
3.118656317E2,6.499893373E1,2.546390831E1,2.894430205E0,1.653819279E0,7.714776720E1,4.698753685E0,3.427280386E0
3.128656288E2,6.499892309E1,2.546393218E1,1.776862000E0,1.601378259E0,9.901069897E1,4.701647167E0,3.423309941E0
3.138656267E2,6.499892349E1,2.546391609E1,2.088089501E0,0.000000000E0,1.015257160E2,4.705679083E0,3.417765556E0
3.148656236E2,6.499892349E1,2.546391609E1,2.088089501E0,0.000000000E0,1.015257160E2,4.707707609E0,3.414970879E0
3.158656210E2,6.499892349E1,2.546391609E1,2.088089501E0,0.000000000E0,1.015257160E2,4.710456832E0,3.411177725E0
3.168656186E2,6.499892349E1,2.546391609E1,2.088089501E0,0.000000000E0,1.015257160E2,4.710042582E0,3.411749685E0
3.178656166E2,6.499892349E1,2.546391609E1,2.088089501E0,0.000000000E0,1.015257160E2,4.711178445E0,3.410181035E0
3.188656137E2,6.499891885E1,2.546387171E1,2.877285797E-2,9.052236690E-2,2.125187969E2,4.714256388E0,3.405924800E0
3.198656113E2,6.499892001E1,2.546387039E1,7.196652237E-2,0.000000000E0,2.125187962E2,4.712229962E0,3.408727888E0
3.208656089E2,6.499892001E1,2.546387039E1,7.196652237E-2,0.000000000E0,2.125187962E2,4.712114539E0,3.408887443E0
3.218656062E2,6.499892001E1,2.546387039E1,7.196652237E-2,0.000000000E0,2.125187962E2,4.713137686E0,3.407472698E0
3.228656029E2,6.499892001E1,2.546387039E1,7.196652237E-2,0.000000000E0,2.125187962E2,4.713489284E0,3.406986323E0
3.238655995E2,6.499892001E1,2.546387039E1,7.196652237E-2,0.000000000E0,2.125187962E2,4.714837120E0,3.405120844E0
3.248655967E2,6.499892001E1,2.546387039E1,7.196652237E-2,0.000000000E0,2.125187962E2,4.715475042E0,3.404237383E0
3.258655943E2,6.499892001E1,2.546387039E1,7.196652237E-2,0.000000000E0,2.125187962E2,4.716446571E0,3.402891238E0
3.268655916E2,6.499892001E1,2.546387039E1,7.196652237E-2,0.000000000E0,2.125187962E2,4.717538693E0,3.401377032E0
3.278655887E2,6.499892001E1,2.546387039E1,7.196652237E-2,0.000000000E0,2.125187962E2,4.717371349E0,3.401609117E0
3.288655859E2,6.499892001E1,2.546387039E1,7.196652237E-2,0.000000000E0,2.125187962E2,4.718361837E0,3.400235081E0
3.298655822E2,6.499892001E1,2.546387039E1,7.196652237E-2,0.000000000E0,2.125187962E2,4.714331651E0,3.405820623E0
3.308655800E2,6.499892001E1,2.546387039E1,7.196652237E-2,0.000000000E0,2.125187962E2,4.714121455E0,3.406111557E0
3.318655761E2,6.499892001E1,2.546387039E1,7.196652237E-2,0.000000000E0,2.125187962E2,4.714404054E0,3.405720400E0
3.328655730E2,6.499892001E1,2.546387039E1,7.196652237E-2,0.000000000E0,2.125187962E2,4.715530733E0,3.404160240E0
3.338655705E2,6.499892001E1,2.546387039E1,7.196652237E-2,0.000000000E0,2.125187962E2,4.716270751E0,3.403134913E0
3.348655673E2,6.499892001E1,2.546387039E1,7.196652237E-2,0.000000000E0,2.125187962E2,4.716297865E0,3.403097337E0
3.358655645E2,6.499892001E1,2.546387039E1,7.196652237E-2,0.000000000E0,2.125187962E2,4.715409861E0,3.404327669E0
3.368655610E2,6.499892001E1,2.546387039E1,7.196652237E-2,0.000000000E0,2.125187962E2,4.714870456E0,3.405074686E0
3.378655579E2,6.499892001E1,2.546387039E1,7.196652237E-2,0.000000000E0,2.125187962E2,4.715895017E0,3.403655567E0
3.388655545E2,6.499892001E1,2.546387039E1,7.196652237E-2,0.000000000E0,2.125187962E2,4.715546137E0,3.404138902E0
3.398655515E2,6.499892001E1,2.546387039E1,7.196652237E-2,0.000000000E0,2.125187962E2,4.716255567E0,3.403155955E0
3.408655488E2,6.499889819E1,2.546387371E1,1.398129144E0,2.596593234E-2,2.125187935E2,4.716964183E0,3.402173707E0
3.418655448E2,6.499889830E1,2.546387388E1,1.404600548E0,0.000000000E0,2.125187937E2,4.717783952E0,3.401036844E0
3.428655416E2,6.499889830E1,2.546387388E1,1.404600548E0,0.000000000E0,2.125187937E2,4.717860285E0,3.400930955E0
3.438655388E2,6.499889830E1,2.546387388E1,1.404600548E0,0.000000000E0,2.125187937E2,4.719508435E0,3.398643431E0
3.448655353E2,6.499889830E1,2.546387388E1,1.404600548E0,0.000000000E0,2.125187937E2,4.718912716E0,3.399470519E0
3.458655329E2,6.499889830E1,2.546387388E1,1.404600548E0,0.000000000E0,2.125187937E2,4.719719446E0,3.398350392E0
3.468655289E2,6.499889830E1,2.546387388E1,1.404600548E0,0.000000000E0,2.125187937E2,4.714835819E0,3.405122646E0
3.478655255E2,6.499889830E1,2.546387388E1,1.404600548E0,0.000000000E0,2.125187937E2,4.714620194E0,3.405421186E0
3.488655219E2,6.499889830E1,2.546387388E1,1.404600548E0,0.000000000E0,2.125187937E2,4.714365041E0,3.405774404E0
3.498655194E2,6.499889830E1,2.546387388E1,1.404600548E0,0.000000000E0,2.125187937E2,4.716092283E0,3.403382232E0
3.508655155E2,6.499890076E1,2.546386960E1,2.767254855E0,6.007974620E-2,2.125187910E2,4.715663028E0,3.403976974E0
3.518655121E2,6.499890079E1,2.546387117E1,2.842385534E0,0.000000000E0,2.125187922E2,4.715952348E0,3.403576131E0
3.528655092E2,6.499890079E1,2.546387117E1,2.842385534E0,0.000000000E0,2.125187922E2,4.716174235E0,3.403268667E0
3.538655066E2,6.499890079E1,2.546387117E1,2.842385534E0,0.000000000E0,2.125187922E2,4.717063942E0,3.402035391E0
3.548655030E2,6.499890273E1,2.546385286E1,3.061688189E0,5.894546518E-2,2.125187790E2,4.716892888E0,3.402272552E0
3.558654995E2,6.499890169E1,2.546386827E1,2.983570173E0,4.508766898E-2,2.125187903E2,4.716586179E0,3.402697731E0
3.568654968E2,6.499890204E1,2.546386920E1,2.987258508E0,0.000000000E0,2.125187910E2,4.717392363E0,3.401579975E0
3.578654931E2,6.499890327E1,2.546386272E1,3.293256855E0,0.000000000E0,2.125187865E2,4.717721931E0,3.401122875E0
3.588654890E2,6.499890327E1,2.546386272E1,3.293256855E0,0.000000000E0,2.125187865E2,4.716714910E0,3.402519286E0
3.598654866E2,6.499890327E1,2.546386272E1,3.293256855E0,0.000000000E0,2.125187865E2,4.717037909E0,3.402071487E0
3.608654832E2,6.499890327E1,2.546386272E1,3.293256855E0,0.000000000E0,2.125187865E2,4.717320255E0,3.401679975E0
3.618654801E2,6.499890327E1,2.546386272E1,3.293256855E0,0.000000000E0,2.125187865E2,4.717482528E0,3.401454929E0
3.628654764E2,6.499890327E1,2.546386272E1,3.293256855E0,0.000000000E0,2.125187865E2,4.718192577E0,3.400469944E0
3.638654726E2,6.499890327E1,2.546386272E1,3.293256855E0,0.000000000E0,2.125187865E2,4.718332340E0,3.400276013E0
3.648654697E2,6.499890327E1,2.546386272E1,3.293256855E0,0.000000000E0,2.125187865E2,4.715390460E0,3.404354542E0
3.658654664E2,6.499890327E1,2.546386272E1,3.293256855E0,0.000000000E0,2.125187865E2,4.715624323E0,3.404030593E0
3.668654639E2,6.499890327E1,2.546386272E1,3.293256855E0,0.000000000E0,2.125187865E2,4.715900873E0,3.403647454E0
3.678654602E2,6.499890327E1,2.546386272E1,3.293256855E0,0.000000000E0,2.125187865E2,4.715893229E0,3.403658045E0
3.688654568E2,6.499890327E1,2.546386272E1,3.293256855E0,0.000000000E0,2.125187865E2,4.714536187E0,3.405537486E0
3.698654529E2,6.499890327E1,2.546386272E1,3.293256855E0,0.000000000E0,2.125187865E2,4.715001324E0,3.404893471E0
3.708654500E2,6.499890327E1,2.546386272E1,3.293256855E0,0.000000000E0,2.125187865E2,4.715247432E0,3.404552641E0
3.718654464E2,6.499890327E1,2.546386272E1,3.293256855E0,0.000000000E0,2.125187865E2,4.714433738E0,3.405679309E0
3.728654428E2,6.499889704E1,2.546385717E1,3.499841336E0,0.000000000E0,2.125187808E2,4.714495040E0,3.405594449E0
3.738654402E2,6.499889704E1,2.546385717E1,3.499841336E0,0.000000000E0,2.125187808E2,4.714433014E0,3.405680312E0
3.748654372E2,6.499889704E1,2.546385717E1,3.499841336E0,0.000000000E0,2.125187808E2,4.714353738E0,3.405790051E0
3.758654333E2,6.499889704E1,2.546385717E1,3.499841336E0,0.000000000E0,2.125187808E2,4.714466489E0,3.405633973E0
3.768654305E2,6.499889704E1,2.546385717E1,3.499841336E0,0.000000000E0,2.125187808E2,4.714726054E0,3.405274625E0
3.778654271E2,6.499889704E1,2.546385717E1,3.499841336E0,0.000000000E0,2.125187808E2,4.715353066E0,3.404406336E0
3.788654230E2,6.499889704E1,2.546385717E1,3.499841336E0,0.000000000E0,2.125187808E2,4.715403129E0,3.404336993E0
3.798654195E2,6.499889704E1,2.546385717E1,3.499841336E0,0.000000000E0,2.125187808E2,4.715940765E0,3.403592180E0
3.808654164E2,6.499889704E1,2.546385717E1,3.499841336E0,0.000000000E0,2.125187808E2,4.715494997E0,3.404209742E0
3.818654133E2,6.499889704E1,2.546385717E1,3.499841336E0,0.000000000E0,2.125187808E2,4.709281649E0,3.412799933E0
3.828654096E2,6.499890026E1,2.546388846E1,4.054742559E0,2.080851545E-1,2.125188051E2,4.709285814E0,3.412794186E0
3.838654070E2,6.499890275E1,2.546391550E1,4.185892090E0,1.558581215E-1,2.125188259E2,4.711724724E0,3.409426222E0
3.848653065E2,6.499890379E1,2.546396926E1,3.036882061E0,1.163299659E0,9.493949305E1,4.708433302E0,3.413970251E0
3.858653042E2,6.499890764E1,2.546401341E1,3.328026640E0,1.519150211E0,8.601407435E1,4.707554041E0,3.415182569E0
3.868653070E2,6.499891369E1,2.546403628E1,3.589090885E0,1.337575186E0,7.716164254E1,4.707811822E0,3.414827211E0
3.878653077E2,6.499891871E1,2.546406076E1,3.549426767E0,1.467056911E0,7.821096298E1,4.705656519E0,3.417796623E0
3.888653063E2,6.499891761E1,2.546408469E1,2.573556540E0,1.465477862E0,8.769621223E1,4.705238704E0,3.418371801E0
3.898653136E2,6.499892002E1,2.546413085E1,2.369317996E0,1.882578745E0,8.857102236E1,4.707143899E0,3.415747846E0
3.908653150E2,6.499892766E1,2.546413261E1,1.536484565E0,1.312886810E0,7.847979596E1,4.707700638E0,3.414980488E0
3.918653196E2,6.499893350E1,2.546416059E1,1.385235104E0,1.384008465E0,7.630195920E1,4.708730223E0,3.413560710E0
3.928653300E2,6.499894066E1,2.546418098E1,6.743355487E-1,1.390451270E0,6.951352975E1,4.710089899E0,3.411684361E0
3.938653382E2,6.499894541E1,2.546422853E1,4.940149626E-1,1.728062578E0,6.912576360E1,4.708540504E0,3.413822396E0
3.948653456E2,6.499894524E1,2.546426876E1,7.317706682E-1,1.689855132E0,7.663017810E1,4.707643293E0,3.415059540E0
3.958653597E2,6.499895200E1,2.546429938E1,-1.237578643E-1,1.692401712E0,7.426420790E1,4.707777319E0,3.414874778E0
3.968653669E2,6.499895566E1,2.546433487E1,-4.805270014E-1,1.764342436E0,7.566628139E1,4.705752615E0,3.417664313E0
3.978653672E2,6.499896125E1,2.546437375E1,-5.888382923E-1,1.762724286E0,7.376023717E1,4.704102680E0,3.419934943E0
3.988653786E2,6.499896792E1,2.546440814E1,-4.326580092E-1,1.766475170E0,6.984762945E1,4.706282178E0,3.416935044E0
3.998653882E2,6.499897780E1,2.546444128E1,-2.421879973E-1,1.754506506E0,6.173581668E1,4.699017986E0,3.426918003E0
4.008653967E2,6.499899226E1,2.546446858E1,-1.669421148E0,1.694948450E0,4.980171205E1,4.706578941E0,3.416526263E0
4.018654057E2,6.499901380E1,2.546447757E1,-1.143564524E0,1.735031481E0,3.356173656E1,4.707189389E0,3.415685156E0
4.028654127E2,6.499903536E1,2.546447231E1,-1.947781685E0,1.724984234E0,1.613222587E1,4.707394114E0,3.415403006E0
4.038654195E2,6.499905551E1,2.546447438E1,4.343276778E-1,1.716870620E0,9.815396759E0,4.699503587E0,3.426252044E0
4.048654258E2,6.499907123E1,2.546448355E1,-6.226084959E-1,1.763605481E0,8.147769356E0,4.695984175E0,3.431074127E0
4.058654324E2,6.499908576E1,2.546448381E1,-1.487283249E0,1.683179008E0,4.963423529E0,4.698568349E0,3.427534465E0
4.068654380E2,6.499910188E1,2.546448911E1,-1.118472962E0,1.726676640E0,4.429258420E0,4.702133549E0,3.422641834E0
4.078654424E2,6.499912268E1,2.546448961E1,-2.766296584E-1,1.748064684E0,3.594129767E2,4.697612565E0,3.428844299E0
4.088654474E2,6.499913594E1,2.546450084E1,-5.881286254E-1,1.727268553E0,1.459120961E0,4.692694595E0,3.435571928E0
4.098654510E2,6.499915515E1,2.546448790E1,-1.556044860E0,1.721323727E0,3.559653986E2,4.691130675E0,3.437707087E0
4.108654549E2,6.499916920E1,2.546448464E1,-1.757867618E0,1.745351691E0,3.569604360E2,4.686189115E0,3.444440247E0
4.118654590E2,6.499918271E1,2.546450976E1,-1.792177564E0,1.740644119E0,1.564466894E1,4.678338343E0,3.455095857E0
4.128654615E2,6.499919669E1,2.546450529E1,-2.276800161E0,1.747822819E0,1.136973772E1,4.679934906E0,3.452933000E0
4.138654644E2,6.499921378E1,2.546450451E1,-2.040762122E0,1.751356100E0,4.334944458E0,4.680606446E0,3.452022644E0
4.148654679E2,6.499922876E1,2.546450893E1,-1.952430828E0,1.726113821E0,4.117961899E0,4.679503987E0,3.453516971E0
4.158654693E2,6.499924377E1,2.546450798E1,-1.177507523E0,1.759936320E0,3.074274491E0,4.680451662E0,3.452232505E0
4.168654717E2,6.499925834E1,2.546452266E1,-7.612199914E-1,1.729592515E0,1.012157803E1,4.662445606E0,3.476512333E0
4.178654728E2,6.499927289E1,2.546452592E1,-1.164735319E0,1.718577143E0,1.168058131E1,4.666314370E0,3.471317795E0
4.188654755E2,6.499928723E1,2.546454041E1,-1.801973046E0,1.718851193E0,1.714471873E1,4.676284707E0,3.457874835E0
4.198654764E2,6.499929923E1,2.546456510E1,-9.277135246E-1,1.710538954E0,2.603690260E1,4.681494857E0,3.450817720E0
4.208654780E2,6.499931451E1,2.546457133E1,-2.676015468E-1,1.678612140E0,2.496419575E1,4.686846722E0,3.443545388E0
4.218654791E2,6.499932992E1,2.546457876E1,-2.528456235E-1,1.703398380E0,2.100092214E1,4.693000501E0,3.435154048E0
4.228654795E2,6.499934464E1,2.546458513E1,9.049787465E-1,1.641377949E0,1.996473122E1,4.695421842E0,3.431843639E0
4.238654804E2,6.499935776E1,2.546460626E1,-6.087388545E-1,1.749522537E0,1.647485192E1,4.695628134E0,3.431561373E0
4.248654801E2,6.499937354E1,2.546459427E1,3.309183279E-1,1.682837133E0,3.360026934E0,4.707248425E0,3.415603797E0
4.258654809E2,6.499938712E1,2.546459606E1,1.680020057E-2,1.571529595E0,3.559360055E2,4.717015180E0,3.402103001E0
4.268654816E2,6.499940268E1,2.546457509E1,5.605999399E-1,1.652059236E0,3.466593176E2,4.723443479E0,3.393172370E0
4.278654810E2,6.499941559E1,2.546456483E1,1.317243189E0,1.679055953E0,3.451982294E2,4.723859351E0,3.392593384E0
4.288654814E2,6.499943161E1,2.546458625E1,2.240662567E0,1.668617442E0,3.590576203E2,4.723280395E0,3.393399379E0
4.298654819E2,6.499944351E1,2.546460122E1,2.240315282E0,1.600166610E0,8.754922005E0,4.723900389E0,3.392536242E0
4.308654810E2,6.499945631E1,2.546459903E1,2.794462904E0,1.630874894E0,7.798175900E0,4.724342895E0,3.391919994E0
4.318654809E2,6.499946925E1,2.546461192E1,3.643516741E0,1.645719477E0,1.775514433E1,4.723546436E0,3.393029044E0
4.328654801E2,6.499948325E1,2.546460293E1,4.127898529E0,1.653225041E0,4.827944015E0,4.721546664E0,3.395811263E0
4.338654795E2,6.499949570E1,2.546458647E1,4.593489138E0,1.655320601E0,3.562197803E2,4.721998100E0,3.395183497E0
4.348654796E2,6.499950810E1,2.546458938E1,3.855480510E0,1.615136003E0,3.554319614E2,4.723709924E0,3.392801436E0
4.358654789E2,6.499952087E1,2.546457948E1,3.846898439E0,1.647485927E0,3.542830304E2,4.724448781E0,3.391772508E0
4.368654777E2,6.499953325E1,2.546458359E1,3.344601861E0,1.659888174E0,3.278918475E0,4.724471283E0,3.391741164E0
4.378654771E2,6.499954354E1,2.546457330E1,3.187852481E0,1.399593365E0,2.333206612E0,4.723701310E0,3.392813430E0
4.388654763E2,6.499955354E1,2.546454734E1,2.159968796E0,1.406753891E0,3.554304007E2,4.726759896E0,3.388551005E0
4.398654755E2,6.499956690E1,2.546452937E1,2.619607006E0,1.472253832E0,3.540571639E2,4.731330126E0,3.382166801E0
4.408654740E2,6.499957649E1,2.546450539E1,2.042311168E0,1.413276997E0,3.526745582E2,4.726435620E0,3.389003299E0
4.418654734E2,6.499958820E1,2.546448821E1,1.140331143E0,1.544840110E0,3.523634813E2,4.730956602E0,3.382689265E0
4.428654728E2,6.499959968E1,2.546449138E1,1.039799415E0,1.381974432E0,3.593492766E2,4.727991431E0,3.386832452E0
4.438654715E2,6.499961362E1,2.546448886E1,1.352808120E0,1.352565196E0,3.566591116E2,4.730481887E0,3.383353092E0
4.448654703E2,6.499963601E1,2.546448928E1,1.163939784E0,1.800592435E0,3.567492041E2,4.732036571E0,3.381178334E0
4.458654691E2,6.499964431E1,2.546449701E1,4.837287311E-1,1.305951396E0,7.495661276E0,4.729377387E0,3.384896833E0
4.468654678E2,6.499965809E1,2.546450240E1,4.536231877E-1,1.411653643E0,9.215587939E0,4.731242430E0,3.382289476E0
4.478654666E2,6.499967373E1,2.546449849E1,9.646273088E-1,1.375421377E0,3.590202149E2,4.731938756E0,3.381315223E0
4.488654646E2,6.499968323E1,2.546453437E1,3.996093590E-1,1.611780397E0,1.472629278E1,4.728016294E0,3.386797743E0
4.498654639E2,6.499969170E1,2.546454764E1,1.126686949E-2,1.354843889E0,2.112573923E1,4.725462182E0,3.390360482E0
4.508654622E2,6.499970645E1,2.546454915E1,-5.621224009E-1,1.402599554E0,1.693830174E1,4.738516130E0,3.372091624E0
4.518654610E2,6.499972547E1,2.546452616E1,-1.181076513E0,1.555158497E0,3.019631380E-1,4.758605195E0,3.343682645E0
4.528654597E2,6.499973588E1,2.546450580E1,-7.360580368E-1,1.421004095E0,3.490249672E2,4.730158608E0,3.383805045E0
4.538654584E2,6.499975688E1,2.546447410E1,-5.989612890E-1,1.727544847E0,3.420572362E2,4.741258410E0,3.368234808E0
4.548654565E2,6.499977155E1,2.546446934E1,-1.490921377E0,1.453793047E0,3.505345427E2,4.727730630E0,3.387196499E0
4.558654554E2,6.499978743E1,2.546446336E1,-1.659912183E0,1.541377631E0,3.575392400E2,4.729830747E0,3.384263308E0
4.568654535E2,6.499979846E1,2.546444148E1,-1.686214549E0,1.366377957E0,3.554157829E2,4.725937575E0,3.389697785E0
4.578654525E2,6.499981294E1,2.546443313E1,-1.610039662E0,1.397978585E0,3.548989983E2,4.741048392E0,3.368530418E0
4.588654510E2,6.499982356E1,2.546440574E1,-2.049056940E0,1.295307737E0,3.483109842E2,4.737566409E0,3.373425789E0
4.598654497E2,6.499984031E1,2.546438666E1,-1.588376941E0,1.457117519E0,3.493038762E2,4.735142631E0,3.376827105E0
4.608654481E2,6.499985703E1,2.546437589E1,-2.006494446E0,1.538072446E0,3.485455545E2,4.743592276E0,3.364947154E0
4.618654464E2,6.499987516E1,2.546437345E1,-1.703521633E0,1.711172275E0,3.507201455E2,4.728954567E0,3.385487519E0
4.628654455E2,6.499989216E1,2.546436665E1,-2.407056651E0,1.715753789E0,3.526839302E2,4.723943126E0,3.392476732E0
4.638654431E2,6.499990943E1,2.546437362E1,-2.607145878E0,1.640609142E0,3.599883488E2,4.724945227E0,3.391080895E0
4.648654420E2,6.499992359E1,2.546437933E1,-2.326055962E0,1.692847203E0,6.107624483E0,4.719628804E0,3.398476274E0
4.658654400E2,6.499993721E1,2.546441090E1,-1.652155939E0,1.671545873E0,2.085223775E1,4.712020387E0,3.409017587E0
4.668654572E2,6.499994360E1,2.546445978E1,-2.078565684E0,1.702037715E0,4.056302075E1,4.707269781E0,3.415574364E0
4.678654366E2,6.499995091E1,2.546450133E1,-2.565540455E0,1.712566861E0,4.701054368E1,4.708469710E0,3.413920038E0
4.688654360E2,6.499995758E1,2.546453470E1,-2.596758729E0,1.725822740E0,5.267657145E1,4.710458928E0,3.411174830E0
4.698654341E2,6.499996786E1,2.546456606E1,-2.469570645E0,1.700833180E0,5.345944932E1,4.701589895E0,3.423388598E0
4.708654329E2,6.499997415E1,2.546460173E1,-3.167983268E0,1.683530736E0,5.770023597E1,4.705837277E0,3.417547739E0
4.718654302E2,6.499997898E1,2.546462726E1,-4.138866859E0,1.545974466E0,6.226177518E1,4.709298119E0,3.412777206E0
4.728654292E2,6.499998469E1,2.546465628E1,-4.781660152E0,1.564802219E0,6.759209118E1,4.716521489E0,3.402787398E0
4.738654274E2,6.499999911E1,2.546467682E1,-4.869495483E0,1.590855076E0,5.203147180E1,4.713279268E0,3.407276856E0
4.748654262E2,6.500000158E1,2.546471631E1,-4.382985864E0,1.625114083E0,5.786590095E1,4.723175194E0,3.393545804E0
4.758654245E2,6.499999955E1,2.546475014E1,-3.501272988E0,1.626549262E0,6.483783316E1,4.717462349E0,3.401482914E0
4.768654226E2,6.499999527E1,2.546478961E1,-3.844830496E0,1.668040943E0,7.903866117E1,4.721815919E0,3.395436858E0
4.778654211E2,6.499999637E1,2.546479986E1,-3.816797013E0,1.329066786E0,8.894213976E1,4.734294329E0,3.378016317E0
4.788654197E2,6.500000662E1,2.546480295E1,-3.902384499E0,7.835869315E-1,7.932672718E1,4.749261321E0,3.356941157E0
4.798654172E2,6.500001476E1,2.546482230E1,-3.748451937E0,8.480169041E-1,7.248459407E1,4.747047452E0,3.360071059E0
4.808654159E2,6.500002783E1,2.546484770E1,-2.918684976E0,1.140407739E0,6.590489744E1,4.755953138E0,3.347453776E0
4.818654144E2,6.500002917E1,2.546489675E1,-2.312188870E0,1.489340619E0,7.436172391E1,4.745175903E0,3.362713588E0
4.828654118E2,6.500004858E1,2.546494771E1,-1.460905204E0,1.699280704E0,7.278736659E1,4.729146773E0,3.385219023E0
4.838654110E2,6.500006607E1,2.546498770E1,-8.887943253E-2,1.696229856E0,7.554945831E1,4.721624334E0,3.395703268E0
4.848654088E2,6.500007323E1,2.546502441E1,1.315470901E0,1.627284781E0,8.179019557E1,4.719627546E0,3.398478022E0
4.858654077E2,6.500008891E1,2.546505430E1,2.522661701E0,1.595388528E0,7.873127653E1,4.718708848E0,3.399753497E0
4.868654058E2,6.500008500E1,2.546509098E1,3.445042993E0,1.626614842E0,8.756230921E1,4.708930537E0,3.413284376E0
4.878654041E2,6.500006482E1,2.546512448E1,4.500648349E0,1.645565261E0,9.770795253E1,4.695994122E0,3.431060512E0
4.888654025E2,6.500004997E1,2.546515858E1,4.555487010E0,1.645249722E0,1.001478206E2,4.686583650E0,3.443903413E0
4.898654003E2,6.500004619E1,2.546518191E1,5.502936466E0,1.608767525E0,9.670049423E1,4.688899397E0,3.440749843E0
4.908653992E2,6.500004665E1,2.546521042E1,5.722699985E0,1.576556366E0,9.281382255E1,4.693098232E0,3.435020527E0
4.918653967E2,6.500004350E1,2.546524863E1,5.634318983E0,1.635932810E0,9.375138382E1,4.706534112E0,3.416588017E0
4.928653949E2,6.500003122E1,2.546528130E1,6.358907440E0,1.637285594E0,1.022859558E2,4.705170950E0,3.418465060E0
4.938653934E2,6.500002741E1,2.546530972E1,6.508909767E0,1.666418802E0,1.015970964E2,4.708313450E0,3.414135541E0
4.948653915E2,6.500002570E1,2.546533878E1,7.081091142E0,1.608195121E0,1.009660387E2,4.719300083E0,3.398932738E0
4.958653901E2,6.500001419E1,2.546537409E1,6.482784770E0,1.627698018E0,1.082286231E2,4.727740769E0,3.387182347E0
4.968653883E2,6.500000407E1,2.546541032E1,6.785647063E0,1.637395683E0,1.127227931E2,4.735638804E0,3.376131241E0
4.978653862E2,6.500000077E1,2.546544648E1,7.193214964E0,1.637679825E0,1.098804977E2,4.741293796E0,3.368184997E0
4.988653847E2,6.499999312E1,2.546548247E1,6.913641416E0,1.646372901E0,1.094184237E2,4.747045908E0,3.360073240E0
4.998653831E2,6.499998298E1,2.546551933E1,6.419775755E0,1.651549700E0,1.101350290E2,4.753475109E0,3.350971714E0
5.008653815E2,6.499997575E1,2.546555686E1,6.976376782E0,1.664903084E0,1.082752947E2,4.758424174E0,3.343940252E0
5.018653791E2,6.499997268E1,2.546559304E1,6.519233074E0,1.650350737E0,1.061698169E2,4.760113597E0,3.341534914E0
5.028653783E2,6.499996444E1,2.546563387E1,6.290933939E0,1.669083834E0,1.076326121E2,4.760078330E0,3.341585152E0
5.038653760E2,6.499996555E1,2.546567040E1,6.029578408E0,1.679009876E0,1.063197384E2,4.757096607E0,3.345828582E0
5.048653748E2,6.499996034E1,2.546570483E1,5.833286035E0,1.638320271E0,1.065865859E2,4.752518109E0,3.352328840E0
5.058653730E2,6.499996145E1,2.546574070E1,6.360837461E0,1.643038747E0,1.037498427E2,4.752561381E0,3.352267494E0
5.068653715E2,6.499995566E1,2.546577255E1,6.111413750E0,1.632231065E0,1.067183597E2,4.755060020E0,3.348722329E0
5.078653693E2,6.499994700E1,2.546580537E1,6.253059829E0,1.638500193E0,1.103608743E2,4.757794499E0,3.344836100E0
5.088653681E2,6.499994440E1,2.546584091E1,6.677071693E0,1.627517913E0,1.086477592E2,4.749214015E0,3.357008083E0
5.098653665E2,6.499993924E1,2.546587566E1,6.856828368E0,1.634684979E0,1.089325361E2,4.745717052E0,3.361949835E0
5.108639898E2,6.499992813E1,2.546590742E1,6.214903629E0,1.665062619E0,1.152527961E2,4.740383711E0,3.369465730E0
5.118639767E2,6.499992114E1,2.546593220E1,5.835369564E0,1.636769484E0,1.161246480E2,4.735224433E0,3.376712395E0
5.128640010E2,6.499992461E1,2.546597300E1,4.884647491E0,1.608392975E0,9.849502130E1,4.728380158E0,3.386289727E0
5.138639945E2,6.499992632E1,2.546600595E1,4.745948768E0,1.614698028E0,9.659739930E1,4.726454367E0,3.388977153E0
5.148640008E2,6.499992379E1,2.546604229E1,4.648579085E0,1.660833958E0,9.748158205E1,4.725925263E0,3.389714950E0
5.158640444E2,6.499991617E1,2.546607462E1,4.672863383E0,1.627287297E0,1.029013434E2,4.722294410E0,3.394771352E0
5.168640592E2,6.499991487E1,2.546610769E1,5.099753183E0,1.582914799E0,1.004817409E2,4.723535391E0,3.393044420E0
5.178640709E2,6.499991501E1,2.546614661E1,5.142267113E0,1.639630129E0,9.809341752E1,4.725733403E0,3.389982424E0
5.188641179E2,6.499990993E1,2.546617505E1,4.834433667E0,1.639818193E0,1.018483749E2,4.730807386E0,3.382897945E0
5.198641311E2,6.499991169E1,2.546621883E1,4.341961935E0,1.612749918E0,9.926426424E1,4.731921474E0,3.381339408E0
5.208641486E2,6.499991158E1,2.546625848E1,4.598571883E0,1.632858149E0,9.818472666E1,4.734964958E0,3.377076233E0
5.218641989E2,6.499990791E1,2.546629235E1,4.702405913E0,1.660618307E0,1.003395182E2,4.728274566E0,3.386437163E0
5.228642093E2,6.499991028E1,2.546632504E1,4.286380743E0,1.626240171E0,9.596597627E1,4.726836244E0,3.388444504E0
5.238642286E2,6.499990702E1,2.546635954E1,5.473647265E0,1.620169004E0,9.994720926E1,4.727264733E0,3.387846688E0
5.248642839E2,6.499990038E1,2.546639303E1,5.103967652E0,1.668938218E0,1.040342178E2,4.725394184E0,3.390455256E0
5.258643363E2,6.499989730E1,2.546642781E1,5.324328342E0,1.679872451E0,1.052616938E2,4.724641407E0,3.391504181E0
5.268643873E2,6.499989275E1,2.546646138E1,5.770173901E0,1.651447068E0,1.051125757E2,4.724784696E0,3.391304559E0
5.278644341E2,6.499989255E1,2.546649781E1,5.567172174E0,1.709244206E0,1.027504776E2,4.721525096E0,3.395841251E0
5.288644789E2,6.499988847E1,2.546652922E1,5.656697951E0,1.647352577E0,1.044086988E2,4.714739672E0,3.405255770E0
5.298645216E2,6.499987913E1,2.546655958E1,6.248619514E0,1.639400294E0,1.092190145E2,4.707632559E0,3.415074336E0
5.308645617E2,6.499986985E1,2.546659117E1,5.969949717E0,1.669549851E0,1.149587636E2,4.702177465E0,3.422581500E0
5.318645984E2,6.499986520E1,2.546662590E1,5.709707892E0,1.671494164E0,1.096775102E2,4.694599731E0,3.432968162E0
5.328646336E2,6.499986456E1,2.546666553E1,6.016016350E0,1.680903725E0,1.084918539E2,4.688229614E0,3.441662407E0
5.338646663E2,6.499986167E1,2.546669774E1,5.077726858E0,1.687750829E0,1.070704542E2,4.685014283E0,3.446038044E0
5.348646984E2,6.499985871E1,2.546672954E1,4.388171287E0,1.670330638E0,1.038388074E2,4.683026879E0,3.448738361E0
5.358647274E2,6.499984990E1,2.546675888E1,4.358461878E0,1.649538720E0,1.061404574E2,4.688703082E0,3.441017356E0
5.368647559E2,6.499984566E1,2.546679227E1,3.929588619E0,1.641865760E0,1.055156586E2,4.688955301E0,3.440673657E0
5.378647820E2,6.499984363E1,2.546682866E1,3.356236275E0,1.655802395E0,1.026054342E2,4.687384135E0,3.442813820E0
5.388648065E2,6.499984323E1,2.546686263E1,3.119635904E0,1.684548915E0,9.908385465E1,4.691158363E0,3.437669304E0
5.398648312E2,6.499984065E1,2.546689656E1,3.622462952E0,1.656902214E0,1.012599105E2,4.682914352E0,3.448891156E0
5.408648528E2,6.499983348E1,2.546692272E1,1.949737892E0,1.616318174E0,1.078179308E2,4.685273877E0,3.445685088E0
5.418648741E2,6.499982459E1,2.546694559E1,1.307848238E0,1.627556131E0,1.191533244E2,4.686547358E0,3.443952800E0
5.428648932E2,6.499981860E1,2.546698102E1,2.028138325E0,1.662328480E0,1.195330273E2,4.689183265E0,3.440362966E0
5.438649126E2,6.499981264E1,2.546701551E1,2.415727666E0,1.684114503E0,1.182159203E2,4.690066682E0,3.439158553E0
5.448649299E2,6.499980526E1,2.546704558E1,1.735149798E0,1.670308350E0,1.163924412E2,4.688578512E0,3.441187088E0
5.458649473E2,6.499980536E1,2.546708052E1,1.358863564E0,1.628566945E0,1.030336848E2,4.690544058E0,3.438507448E0
5.468649641E2,6.499981348E1,2.546711534E1,1.312395580E0,1.679662685E0,8.278090474E1,4.692748782E0,3.435497911E0
5.478649789E2,6.499982775E1,2.546714351E1,1.749169116E0,1.662479196E0,5.952733200E1,4.696574086E0,3.430266592E0
5.488649943E2,6.499984142E1,2.546716838E1,4.707946312E-1,1.687070918E0,4.889048179E1,4.703685921E0,3.420508119E0
5.498650072E2,6.499985195E1,2.546719539E1,-2.760759927E-2,1.661419045E0,4.871517626E1,4.709483073E0,3.412521974E0
5.508650205E2,6.499985469E1,2.546724083E1,-1.656780569E-1,1.683585216E0,5.841435943E1,4.713170416E0,3.407427426E0
5.518650331E2,6.499986343E1,2.546726622E1,-7.068826640E-1,1.625203251E0,5.906477267E1,4.718391104E0,3.400194468E0
5.528650450E2,6.499988603E1,2.546726703E1,-7.883678628E-1,1.659015215E0,3.855271499E1,4.724072405E0,3.392296706E0
5.538650564E2,6.499990560E1,2.546727309E1,-5.962137636E-1,1.691379983E0,2.790795353E1,4.720367110E0,3.397450718E0
5.548650671E2,6.499992553E1,2.546727158E1,-6.124494690E-1,1.703674374E0,1.818276075E1,4.718579237E0,3.399933384E0
5.558650780E2,6.499993829E1,2.546728948E1,-1.540221685E0,1.632154517E0,2.951257789E1,4.717955945E0,3.400798249E0
5.568650879E2,6.499995498E1,2.546729676E1,-1.937298749E0,1.618796589E0,2.611247081E1,4.716777761E0,3.402432158E0
5.578650967E2,6.499997572E1,2.546729051E1,-1.739743133E0,1.669325420E0,1.538754744E1,4.717870896E0,3.400916236E0
5.588651065E2,6.499999525E1,2.546728141E1,-1.572511133E0,1.685617128E0,5.092029673E0,4.715529677E0,3.404161703E0
5.598651145E2,6.500000899E1,2.546729471E1,-1.707543274E0,1.648523443E0,1.071750780E1,4.713069776E0,3.407566628E0
5.608651236E2,6.500002381E1,2.546730250E1,-8.373750625E-1,1.627854058E0,1.231671760E1,4.711135657E0,3.410240147E0
5.618651313E2,6.500003851E1,2.546731948E1,-8.850810258E-1,1.660658856E0,1.860667740E1,4.708636796E0,3.413689581E0
5.628651389E2,6.500005595E1,2.546731851E1,-1.131750108E0,1.674663710E0,1.226343572E1,4.709014685E0,3.413168283E0
5.638651462E2,6.500007058E1,2.546733321E1,-1.289405650E0,1.659282724E0,1.608560594E1,4.711512974E0,3.409718834E0
5.648651541E2,6.500008589E1,2.546733455E1,-6.754323300E-1,1.669826913E0,1.341317214E1,4.710317376E0,3.411370289E0
5.658651605E2,6.500010054E1,2.546734665E1,-6.824775916E-1,1.674128094E0,1.658747099E1,4.709106534E0,3.413041558E0
5.668651665E2,6.500011567E1,2.546736681E1,-5.772916256E-1,1.667502731E0,2.414709365E1,4.709311097E0,3.412759298E0
5.678651741E2,6.500013261E1,2.546735991E1,-2.553579463E-1,1.636331627E0,1.182684473E1,4.709567614E0,3.412405299E0
5.688651806E2,6.500015171E1,2.546736086E1,-2.943280600E-1,1.663080217E0,9.310165416E0,4.708211138E0,3.414276631E0
5.698651855E2,6.500016604E1,2.546737376E1,-2.862440404E-1,1.685350995E0,1.267700969E1,4.709312409E0,3.412757487E0
5.708651922E2,6.500018374E1,2.546737391E1,6.374899102E-1,1.672985551E0,7.873235378E0,4.708313146E0,3.414135959E0
5.718651969E2,6.500019763E1,2.546737679E1,6.754331347E-1,1.655327191E0,5.762100023E0,4.705742215E0,3.417678632E0
5.728652034E2,6.500021211E1,2.546739691E1,5.339159369E-1,1.681908740E0,1.291695491E1,4.704768916E0,3.419018350E0
5.738652074E2,6.500022635E1,2.546741462E1,-3.447590675E-2,1.681681599E0,1.723699125E1,4.707997996E0,3.414570529E0
5.748652138E2,6.500024148E1,2.546742186E1,-7.883182680E-1,1.671592136E0,1.446538015E1,4.705383589E0,3.418172365E0
5.758652188E2,6.500025556E1,2.546742745E1,-6.042923704E-1,1.686756981E0,1.107556272E1,4.707075600E0,3.415841965E0
5.768652236E2,6.500026930E1,2.546743318E1,-7.968249768E-1,1.700308289E0,9.703717693E0,4.704506359E0,3.419379615E0
5.778652287E2,6.500028268E1,2.546744494E1,-8.897296758E-1,1.699104902E0,1.390069580E1,4.705003375E0,3.418695698E0
5.788652333E2,6.500029624E1,2.546744888E1,-1.096300192E0,1.693755621E0,1.232385571E1,4.704166939E0,3.419846553E0
5.798652376E2,6.500031000E1,2.546744981E1,-1.728084134E0,1.669896471E0,1.283397203E1,4.707414271E0,3.415375222E0
5.808652426E2,6.500032522E1,2.546744473E1,-1.442578560E0,1.672763157E0,1.143799667E1,4.706796698E0,3.416226263E0
5.818652464E2,6.500034083E1,2.546744497E1,-1.575569917E0,1.681373111E0,7.603791191E0,4.703698978E0,3.420490163E0
5.828652513E2,6.500035472E1,2.546745133E1,-2.369094330E0,1.648511795E0,9.799883786E0,4.705670031E0,3.417778019E0
5.838652555E2,6.500037014E1,2.546744299E1,-2.441836313E0,1.680894851E0,3.641109172E0,4.708228638E0,3.414252498E0
5.848652598E2,6.500038457E1,2.546744787E1,-2.008555766E0,1.668481275E0,4.311411720E0,4.706049582E0,3.417255385E0
5.858652627E2,6.500039899E1,2.546746401E1,-1.849909146E0,1.682864215E0,1.183190160E1,4.702895554E0,3.421594721E0
5.868652678E2,6.500041344E1,2.546746915E1,-1.965116026E0,1.685999366E0,1.085889207E1,4.700377091E0,3.425053611E0
5.878652718E2,6.500043119E1,2.546745447E1,-1.989264953E0,1.690473994E0,5.154215827E0,4.699458799E0,3.426313476E0
5.888652756E2,6.500044733E1,2.546745387E1,-2.267942273E0,1.670473042E0,8.814541932E0,4.702366056E0,3.422322385E0
5.898652785E2,6.500045667E1,2.546747818E1,-1.929195663E0,1.646628923E0,2.672482970E1,4.707547392E0,3.415191735E0
5.908652830E2,6.500045772E1,2.546752953E1,-8.474114165E-1,1.670451151E0,6.035428512E1,4.710723387E0,3.410809611E0
5.918652877E2,6.500045320E1,2.546756528E1,5.633163275E-1,1.598663114E0,8.067759787E1,4.712009722E0,3.409032328E0
5.928652903E2,6.500044537E1,2.546760325E1,1.572391506E0,1.604646018E0,9.712642445E1,4.718562685E0,3.399956356E0
5.938652942E2,6.500043858E1,2.546764402E1,1.096750585E0,1.702808852E0,1.037200730E2,4.721620783E0,3.395708205E0
5.948652972E2,6.500043212E1,2.546767736E1,1.565884371E0,1.687906274E0,1.077568363E2,4.735058429E0,3.376945174E0
5.958653018E2,6.500042436E1,2.546770815E1,8.838064931E-1,1.662817886E0,1.150092933E2,4.745662756E0,3.362026479E0
5.968653053E2,6.500041724E1,2.546774186E1,1.443243238E0,1.679351935E0,1.182299893E2,4.759642451E0,3.342205973E0
5.978653088E2,6.500040922E1,2.546777439E1,9.198652776E-1,1.648652668E0,1.186279273E2,4.778076915E0,3.315798249E0
5.988653122E2,6.500039594E1,2.546779767E1,1.550935630E0,1.681593736E0,1.256829710E2,4.793019251E0,3.294162032E0
5.998653157E2,6.500038676E1,2.546782526E1,1.735931334E0,1.690023587E0,1.269554413E2,4.804729536E0,3.277058303E0
6.008653195E2,6.500037861E1,2.546785767E1,2.265319742E0,1.688433287E0,1.258742029E2,4.816346371E0,3.259960839E0
6.018653222E2,6.500037906E1,2.546790074E1,2.254133488E0,1.691240888E0,1.174671751E2,4.790029577E0,3.298507797E0
6.028653258E2,6.500037234E1,2.546793220E1,2.376662359E0,1.711692874E0,1.132596335E2,4.782285262E0,3.309725775E0
6.038653291E2,6.500036783E1,2.546796427E1,2.135565594E0,1.709467133E0,1.112791981E2,4.789452783E0,3.299345250E0
6.048653331E2,6.500035596E1,2.546798859E1,2.896075640E0,1.731469099E0,1.182951609E2,4.793532230E0,3.293415521E0
6.058653365E2,6.500034688E1,2.546801550E1,2.506389003E0,1.620125666E0,1.195909163E2,4.821318444E0,3.252602880E0
6.068653396E2,6.500033780E1,2.546801981E1,3.074373114E0,1.139163996E0,1.280490358E2,4.869130517E0,3.180582500E0
6.078653430E2,6.500033221E1,2.546801907E1,2.991012867E0,9.052186450E-1,1.343829608E2,4.929712402E0,3.085850397E0
6.088653460E2,6.500030312E1,2.546795969E1,2.287305245E0,1.032248192E0,1.878025366E2,4.879110941E0,3.165250931E0
6.098653498E2,6.500028889E1,2.546793424E1,2.071328312E0,1.173466078E0,1.993511370E2,4.859810379E0,3.194805176E0
6.108653526E2,6.500028416E1,2.546792526E1,8.390474180E-1,1.084866706E0,2.029143536E2,4.822808572E0,3.250392979E0
6.118653566E2,6.500027315E1,2.546791456E1,1.319303467E0,1.176815502E0,2.030494805E2,5.052965979E0,3.255664462E0
6.128653593E2,6.500025175E1,2.546789716E1,1.190782193E0,1.595096178E0,2.017932854E2,5.650307200E0,3.292554052E0
6.138653626E2,6.500023159E1,2.546786765E1,1.608376211E0,1.848583465E0,2.040940512E2,6.324332225E0,3.322392440E0
6.148653659E2,6.500022205E1,2.546783296E1,1.375214756E0,1.749711148E0,2.090910891E2,7.040079863E0,3.293069066E0
6.158653690E2,6.500020560E1,2.546782077E1,1.727995986E0,1.673075348E0,2.040267247E2,6.732369802E0,3.298732879E0
6.168653716E2,6.500018378E1,2.546786971E1,6.059310380E-1,1.531315239E0,1.877751245E2,6.285904482E0,3.287174918E0
6.178653756E2,6.500014850E1,2.546796932E1,-3.536809674E-1,1.733352803E0,1.760157300E2,5.399642324E0,3.316336071E0
6.188653785E2,6.500013162E1,2.546790237E1,-1.408130475E0,1.705239969E0,1.989740554E2,4.692069464E0,3.436425640E0
6.198653818E2,6.500012261E1,2.546783699E1,-1.210683726E0,1.742236978E0,2.178507690E2,4.650008034E0,3.493130733E0
6.208653842E2,6.500011403E1,2.546780299E1,-1.041131876E-1,1.680596439E0,2.222037449E2,4.652286554E0,3.490095536E0
6.218653879E2,6.500010913E1,2.546777268E1,-4.218575144E-1,1.760623345E0,2.338761659E2,4.654902286E0,3.486606050E0
6.228653911E2,6.500010472E1,2.546773658E1,-5.071197730E-2,1.709517208E0,2.397780957E2,4.654573086E0,3.487045514E0
6.238653936E2,6.500010277E1,2.546770785E1,8.005186422E-1,1.694377134E0,2.432017908E2,4.656360369E0,3.484658540E0
6.248653983E2,6.500010249E1,2.546767578E1,6.652455544E-1,1.712301774E0,2.482466224E2,4.668009735E0,3.469037640E0
6.258654000E2,6.500009232E1,2.546765550E1,8.148292331E-1,1.700896012E0,2.414999143E2,4.669382681E0,3.467189411E0
6.268654038E2,6.500008994E1,2.546762997E1,6.473528389E-1,1.701930794E0,2.407339112E2,4.663773529E0,3.474730709E0
6.278654072E2,6.500008578E1,2.546760817E1,8.759495504E-1,1.679072941E0,2.390880742E2,4.673953485E0,3.461025260E0
6.288654096E2,6.500006869E1,2.546759400E1,1.059586482E0,1.701975528E0,2.216709938E2,4.685508661E0,3.445365819E0
6.298654137E2,6.500006018E1,2.546759276E1,1.212732310E0,1.034444179E0,2.099844048E2,4.690110313E0,3.439099052E0
6.308654159E2,6.500004791E1,2.546757644E1,1.618268393E0,1.072911138E0,2.091671929E2,4.698298413E0,3.427904470E0
6.318654200E2,6.500005795E1,2.546759596E1,9.752993481E-1,1.121225465E-1,2.138984145E2,4.706022448E0,3.417292752E0
6.328654225E2,6.500005287E1,2.546759778E1,1.417936941E0,1.098709871E-1,1.935461189E2,4.715125785E0,3.404721114E0
6.338654264E2,6.500003736E1,2.546757941E1,1.435849393E0,6.409000922E-1,1.949044282E2,4.718323585E0,3.400288161E0
6.348654289E2,6.500002594E1,2.546757451E1,1.439561079E0,6.373276295E-1,1.811420763E2,4.722003562E0,3.395175901E0
6.358654323E2,6.500000717E1,2.546756504E1,2.412644372E0,1.131460594E0,1.856422553E2,4.721209247E0,3.396280359E0
6.368614780E2,6.500000431E1,2.546755996E1,2.096380548E0,7.063772599E-1,1.846058681E2,4.721054729E0,3.396495147E0
6.378614541E2,6.499999351E1,2.546755573E1,2.916322056E0,7.486067718E-1,1.868352551E2,4.736758945E0,3.374559487E0
6.388615073E2,6.499998556E1,2.546753509E1,3.126858457E0,2.848851460E-1,1.972376277E2,4.739068094E0,3.371315860E0
6.398615217E2,6.499998834E1,2.546753537E1,3.323122555E0,1.218262657E-1,1.972376279E2,4.730198044E0,3.383749916E0
6.408615532E2,6.499999067E1,2.546753792E1,3.192074399E0,2.904006122E-2,1.972376302E2,4.737756648E0,3.373158606E0
6.418616514E2,6.499998334E1,2.546753560E1,2.798936498E0,8.078969158E-2,1.972376282E2,4.762271137E0,3.338459323E0
6.428617002E2,6.499998053E1,2.546755006E1,3.060353497E0,6.800373619E-2,1.972376416E2,4.762208630E0,3.338548486E0
6.438617589E2,6.499997715E1,2.546755919E1,3.400825412E0,4.028823609E-1,1.972376501E2,4.791532699E0,3.296323926E0
6.448618782E2,6.499992070E1,2.546754246E1,4.912607100E0,1.828252115E0,1.945579312E2,4.803431761E0,3.278960254E0
6.458619399E2,6.499988097E1,2.546754192E1,6.549142011E0,1.177823778E0,1.892858062E2,4.759276289E0,3.342727366E0
6.468620059E2,6.499985238E1,2.546752134E1,6.650101614E0,1.284163220E0,1.944052132E2,4.749969736E0,3.355938698E0
6.478621312E2,6.499984196E1,2.546747937E1,6.836509200E0,8.650167798E-1,2.150311343E2,4.776149637E0,3.318573741E0
6.488621968E2,6.499984116E1,2.546744412E1,6.576029287E0,6.113865892E-1,2.446920629E2,4.801431096E0,3.281889161E0
6.498622646E2,6.499985064E1,2.546736839E1,7.013850110E0,1.163805946E0,2.717240169E2,4.812120202E0,3.266195983E0
6.508623878E2,6.499986102E1,2.546736641E1,6.820267508E0,7.752451581E-1,2.916705198E2,4.821284081E0,3.252653815E0
6.518625077E2,6.499987414E1,2.546732346E1,5.953237480E0,1.031737797E0,2.965109629E2,4.810027794E0,3.269276626E0
6.528626209E2,6.499988116E1,2.546730464E1,5.622743460E0,8.224102878E-1,2.979405170E2,4.826717489E0,3.244585539E0
6.538627278E2,6.499988927E1,2.546729318E1,5.121440955E0,7.245437212E-1,2.990681360E2,4.826709044E0,3.244598101E0
6.548628286E2,6.499989781E1,2.546731114E1,5.405427988E0,5.052960560E-1,3.071138818E2,4.827650238E0,3.243197529E0
6.558629248E2,6.499988514E1,2.546724922E1,4.788619193E0,6.359817688E-1,2.085539198E2,4.811086610E0,3.267718266E0
6.568630136E2,6.499987168E1,2.546721928E1,5.350076841E0,1.082260376E0,2.051441896E2,4.801111345E0,3.282356910E0
6.578631009E2,6.499985780E1,2.546716960E1,6.017282576E0,1.409331121E0,2.116114351E2,4.793116809E0,3.294020079E0
6.588631805E2,6.499983155E1,2.546713353E1,5.017382678E0,1.727769909E0,2.066793366E2,4.777498621E0,3.316631417E0
6.598632593E2,6.499981697E1,2.546713915E1,4.593401694E0,1.200376019E0,2.061097322E2,4.750858672E0,3.354680150E0
6.608633329E2,6.499979154E1,2.546712397E1,3.723477646E0,1.730908308E0,1.993425486E2,4.741619699E0,3.367726186E0
6.618634020E2,6.499977707E1,2.546712033E1,3.045732806E0,1.178613630E0,1.985499451E2,4.723223525E0,3.393478535E0
6.628634685E2,6.499975739E1,2.546710291E1,3.123785571E0,1.616024992E0,1.979984731E2,4.729261925E0,3.385058150E0
6.638635314E2,6.499974547E1,2.546709602E1,3.426405301E0,1.124816351E0,1.935626810E2,4.726396808E0,3.389057428E0
6.648635912E2,6.499972691E1,2.546707237E1,2.932574837E0,1.337813124E0,1.969494434E2,4.730074713E0,3.383922317E0
6.658636475E2,6.499971024E1,2.546706825E1,2.084641397E0,1.490679818E0,1.912166954E2,4.736536274E0,3.374872021E0
6.668637022E2,6.499969732E1,2.546706373E1,1.539378760E0,1.248480795E0,1.869443581E2,4.725397420E0,3.390450745E0
6.678637544E2,6.499967699E1,2.546707306E1,1.313149974E0,1.614486820E0,1.803928773E2,4.735560896E0,3.376240517E0
6.688638030E2,6.499966824E1,2.546706772E1,1.290427624E0,1.149852861E0,1.805426058E2,4.723658210E0,3.392873435E0
6.698638506E2,6.499965229E1,2.546706690E1,1.758494144E0,1.371427259E0,1.789311905E2,4.730191533E0,3.383759019E0
6.708638963E2,6.499963562E1,2.546707630E1,8.713015784E-1,1.494872130E0,1.772929008E2,4.734252484E0,3.378074963E0
6.718639396E2,6.499962938E1,2.546708157E1,6.255099131E-1,1.120802980E0,1.762426059E2,4.725046541E0,3.390939725E0
6.728639811E2,6.499961523E1,2.546707800E1,2.687688489E-1,1.167899421E0,1.810957870E2,4.727637878E0,3.387325955E0
6.738640202E2,6.499959903E1,2.546707657E1,3.211599290E-1,1.299038482E0,1.807647923E2,4.736720388E0,3.374613608E0
6.748640592E2,6.499958756E1,2.546707908E1,2.674394194E-2,1.252096315E0,1.805803320E2,4.739684760E0,3.370448843E0
6.758640962E2,6.499956980E1,2.546706336E1,-8.123959228E-2,1.319611953E0,1.859603590E2,4.735395276E0,3.376472807E0
6.768641311E2,6.499955271E1,2.546704434E1,9.151030332E-3,1.437286768E0,1.907393234E2,4.730759104E0,3.382965464E0
6.778641661E2,6.499953737E1,2.546703118E1,-5.724916235E-2,1.456357196E0,1.885035334E2,4.725572013E0,3.390207396E0
6.788641981E2,6.499952389E1,2.546700933E1,-2.235276187E-1,1.155494775E0,1.965413118E2,4.720550154E0,3.397196385E0